,lon,lat,nltk_sentiment,count,total,%neg
0,103.610679309,1.24364174742,Negative,2,36,5.555555555555555
1,103.610679309,1.24364174742,Neutral,23,36,63.888888888888886
2,103.610679309,1.24364174742,Positive,11,36,30.55555555555556
3,103.610679309,1.25364174742,Negative,1,48,2.083333333333333
4,103.610679309,1.25364174742,Neutral,37,48,77.08333333333334
5,103.610679309,1.25364174742,Positive,10,48,20.833333333333336
6,103.630679309,1.27364174742,Negative,1,31,3.225806451612903
7,103.630679309,1.27364174742,Neutral,19,31,61.29032258064516
8,103.630679309,1.27364174742,Positive,11,31,35.483870967741936
9,103.630679309,1.29364174742,Negative,3,19,15.789473684210526
10,103.630679309,1.29364174742,Neutral,8,19,42.10526315789473
11,103.630679309,1.29364174742,Positive,8,19,42.10526315789473
12,103.630679309,1.30364174742,Negative,1,23,4.3478260869565215
13,103.630679309,1.30364174742,Neutral,8,23,34.78260869565217
14,103.630679309,1.30364174742,Positive,14,23,60.86956521739131
15,103.630679309,1.31364174742,Negative,3,32,9.375
16,103.630679309,1.31364174742,Neutral,15,32,46.875
17,103.630679309,1.31364174742,Positive,14,32,43.75
18,103.630679309,1.34364174742,Negative,4,122,3.278688524590164
19,103.630679309,1.34364174742,Neutral,81,122,66.39344262295081
20,103.630679309,1.34364174742,Positive,37,122,30.327868852459016
21,103.630679309,1.35364174742,Negative,5,40,12.5
22,103.630679309,1.35364174742,Neutral,24,40,60.0
23,103.630679309,1.35364174742,Positive,11,40,27.500000000000004
24,103.640679309,1.20364174742,Negative,9,51,17.647058823529413
25,103.640679309,1.20364174742,Neutral,20,51,39.21568627450981
26,103.640679309,1.20364174742,Positive,22,51,43.13725490196079
27,103.640679309,1.34364174742,Negative,6,80,7.5
28,103.640679309,1.34364174742,Neutral,47,80,58.75
29,103.640679309,1.34364174742,Positive,27,80,33.75
30,103.650679309,1.33364174742,Negative,2,18,11.11111111111111
31,103.650679309,1.33364174742,Neutral,11,18,61.11111111111112
32,103.650679309,1.33364174742,Positive,5,18,27.77777777777778
33,103.660679309,1.32364174742,Negative,7,57,12.280701754385964
34,103.660679309,1.32364174742,Neutral,33,57,57.89473684210527
35,103.660679309,1.32364174742,Positive,17,57,29.82456140350877
36,103.660679309,1.41364174742,Negative,37,611,6.055646481178396
37,103.660679309,1.41364174742,Neutral,340,611,55.64648117839607
38,103.660679309,1.41364174742,Positive,234,611,38.297872340425535
39,103.670679309,1.29364174742,Negative,3,16,18.75
40,103.670679309,1.29364174742,Neutral,6,16,37.5
41,103.670679309,1.29364174742,Positive,7,16,43.75
42,103.670679309,1.33364174742,Negative,6,39,15.384615384615383
43,103.670679309,1.33364174742,Neutral,11,39,28.205128205128204
44,103.670679309,1.33364174742,Positive,22,39,56.41025641025641
45,103.680679309,1.29364174742,Negative,10,111,9.00900900900901
46,103.680679309,1.29364174742,Neutral,46,111,41.44144144144144
47,103.680679309,1.29364174742,Positive,55,111,49.549549549549546
48,103.680679309,1.32364174742,Negative,5,61,8.19672131147541
49,103.680679309,1.32364174742,Neutral,39,61,63.934426229508205
50,103.680679309,1.32364174742,Positive,17,61,27.86885245901639
51,103.680679309,1.33364174742,Negative,8,86,9.30232558139535
52,103.680679309,1.33364174742,Neutral,46,86,53.48837209302325
53,103.680679309,1.33364174742,Positive,32,86,37.2093023255814
54,103.680679309,1.34364174742,Negative,42,407,10.319410319410318
55,103.680679309,1.34364174742,Neutral,142,407,34.88943488943489
56,103.680679309,1.34364174742,Positive,223,407,54.7911547911548
57,103.680679309,1.35364174742,Negative,6,76,7.894736842105263
58,103.680679309,1.35364174742,Neutral,32,76,42.10526315789473
59,103.680679309,1.35364174742,Positive,38,76,50.0
60,103.690679309,1.32364174742,Negative,2,26,7.6923076923076925
61,103.690679309,1.32364174742,Neutral,17,26,65.38461538461539
62,103.690679309,1.32364174742,Positive,7,26,26.923076923076923
63,103.690679309,1.33364174742,Negative,7,50,14.000000000000002
64,103.690679309,1.33364174742,Neutral,25,50,50.0
65,103.690679309,1.33364174742,Positive,18,50,36.0
66,103.690679309,1.34364174742,Negative,15,212,7.075471698113208
67,103.690679309,1.34364174742,Neutral,126,212,59.43396226415094
68,103.690679309,1.34364174742,Positive,71,212,33.490566037735846
69,103.690679309,1.35364174742,Negative,6,60,10.0
70,103.690679309,1.35364174742,Neutral,35,60,58.333333333333336
71,103.690679309,1.35364174742,Positive,19,60,31.666666666666664
72,103.690679309,1.36364174742,Negative,4,30,13.333333333333334
73,103.690679309,1.36364174742,Neutral,5,30,16.666666666666664
74,103.690679309,1.36364174742,Positive,21,30,70.0
75,103.690679309,1.37364174742,Negative,5,25,20.0
76,103.690679309,1.37364174742,Neutral,14,25,56.00000000000001
77,103.690679309,1.37364174742,Positive,6,25,24.0
78,103.690679309,1.38364174742,Negative,2,19,10.526315789473683
79,103.690679309,1.38364174742,Neutral,8,19,42.10526315789473
80,103.690679309,1.38364174742,Positive,9,19,47.368421052631575
81,103.700679309,1.26364174742,Negative,1,19,5.263157894736842
82,103.700679309,1.26364174742,Neutral,9,19,47.368421052631575
83,103.700679309,1.26364174742,Positive,9,19,47.368421052631575
84,103.700679309,1.31364174742,Negative,1,38,2.631578947368421
85,103.700679309,1.31364174742,Neutral,22,38,57.89473684210527
86,103.700679309,1.31364174742,Positive,15,38,39.47368421052632
87,103.700679309,1.32364174742,Negative,1,25,4.0
88,103.700679309,1.32364174742,Neutral,21,25,84.0
89,103.700679309,1.32364174742,Positive,3,25,12.0
90,103.700679309,1.33364174742,Negative,11,172,6.395348837209303
91,103.700679309,1.33364174742,Neutral,117,172,68.02325581395348
92,103.700679309,1.33364174742,Positive,44,172,25.58139534883721
93,103.700679309,1.34364174742,Negative,61,545,11.192660550458717
94,103.700679309,1.34364174742,Neutral,304,545,55.77981651376148
95,103.700679309,1.34364174742,Positive,180,545,33.02752293577982
96,103.700679309,1.35364174742,Negative,24,333,7.207207207207207
97,103.700679309,1.35364174742,Neutral,249,333,74.77477477477478
98,103.700679309,1.35364174742,Positive,60,333,18.01801801801802
99,103.700679309,1.42364174742,Negative,7,24,29.166666666666668
100,103.700679309,1.42364174742,Neutral,7,24,29.166666666666668
101,103.700679309,1.42364174742,Positive,10,24,41.66666666666667
102,103.710679309,1.31364174742,Negative,13,160,8.125
103,103.710679309,1.31364174742,Neutral,78,160,48.75
104,103.710679309,1.31364174742,Positive,69,160,43.125
105,103.710679309,1.32364174742,Negative,2,58,3.4482758620689653
106,103.710679309,1.32364174742,Neutral,35,58,60.3448275862069
107,103.710679309,1.32364174742,Positive,21,58,36.206896551724135
108,103.710679309,1.33364174742,Negative,14,119,11.76470588235294
109,103.710679309,1.33364174742,Neutral,70,119,58.82352941176471
110,103.710679309,1.33364174742,Positive,35,119,29.411764705882355
111,103.710679309,1.34364174742,Negative,83,843,9.845788849347567
112,103.710679309,1.34364174742,Neutral,473,843,56.10913404507711
113,103.710679309,1.34364174742,Positive,287,843,34.04507710557533
114,103.710679309,1.43364174742,Negative,3,29,10.344827586206897
115,103.710679309,1.43364174742,Neutral,16,29,55.172413793103445
116,103.710679309,1.43364174742,Positive,10,29,34.48275862068966
117,103.720679309,1.31364174742,Negative,4,44,9.090909090909092
118,103.720679309,1.31364174742,Neutral,17,44,38.63636363636363
119,103.720679309,1.31364174742,Positive,23,44,52.27272727272727
120,103.720679309,1.32364174742,Negative,6,90,6.666666666666667
121,103.720679309,1.32364174742,Neutral,45,90,50.0
122,103.720679309,1.32364174742,Positive,39,90,43.333333333333336
123,103.720679309,1.33364174742,Negative,42,534,7.865168539325842
124,103.720679309,1.33364174742,Neutral,250,534,46.81647940074906
125,103.720679309,1.33364174742,Positive,242,534,45.31835205992509
126,103.720679309,1.34364174742,Negative,29,459,6.318082788671024
127,103.720679309,1.34364174742,Neutral,300,459,65.359477124183
128,103.720679309,1.34364174742,Positive,130,459,28.322440087145967
129,103.720679309,1.35364174742,Negative,30,528,5.681818181818182
130,103.720679309,1.35364174742,Neutral,290,528,54.92424242424242
131,103.720679309,1.35364174742,Positive,208,528,39.39393939393939
132,103.720679309,1.37364174742,Negative,5,75,6.666666666666667
133,103.720679309,1.37364174742,Neutral,34,75,45.33333333333333
134,103.720679309,1.37364174742,Positive,36,75,48.0
135,103.720679309,1.41364174742,Negative,6,29,20.689655172413797
136,103.720679309,1.41364174742,Neutral,13,29,44.82758620689656
137,103.720679309,1.41364174742,Positive,10,29,34.48275862068966
138,103.720679309,1.42364174742,Negative,3,31,9.67741935483871
139,103.720679309,1.42364174742,Neutral,20,31,64.51612903225806
140,103.720679309,1.42364174742,Positive,8,31,25.806451612903224
141,103.730679309,1.31364174742,Negative,3,35,8.571428571428571
142,103.730679309,1.31364174742,Neutral,14,35,40.0
143,103.730679309,1.31364174742,Positive,18,35,51.42857142857142
144,103.730679309,1.32364174742,Neutral,8,17,47.05882352941176
145,103.730679309,1.32364174742,Positive,9,17,52.94117647058824
146,103.730679309,1.33364174742,Negative,16,251,6.374501992031872
147,103.730679309,1.33364174742,Neutral,136,251,54.18326693227091
148,103.730679309,1.33364174742,Positive,99,251,39.44223107569721
149,103.730679309,1.34364174742,Negative,59,694,8.501440922190202
150,103.730679309,1.34364174742,Neutral,351,694,50.57636887608069
151,103.730679309,1.34364174742,Positive,284,694,40.92219020172911
152,103.730679309,1.35364174742,Negative,9,87,10.344827586206897
153,103.730679309,1.35364174742,Neutral,54,87,62.06896551724138
154,103.730679309,1.35364174742,Positive,24,87,27.58620689655172
155,103.730679309,1.38364174742,Negative,2,22,9.090909090909092
156,103.730679309,1.38364174742,Neutral,13,22,59.09090909090909
157,103.730679309,1.38364174742,Positive,7,22,31.818181818181817
158,103.730679309,1.42364174742,Negative,1,17,5.88235294117647
159,103.730679309,1.42364174742,Neutral,9,17,52.94117647058824
160,103.730679309,1.42364174742,Positive,7,17,41.17647058823529
161,103.730679309,1.44364174742,Negative,28,264,10.606060606060606
162,103.730679309,1.44364174742,Neutral,122,264,46.21212121212121
163,103.730679309,1.44364174742,Positive,114,264,43.18181818181818
164,103.740679309,1.31364174742,Negative,1,30,3.333333333333333
165,103.740679309,1.31364174742,Neutral,20,30,66.66666666666666
166,103.740679309,1.31364174742,Positive,9,30,30.0
167,103.740679309,1.32364174742,Negative,16,140,11.428571428571429
168,103.740679309,1.32364174742,Neutral,75,140,53.57142857142857
169,103.740679309,1.32364174742,Positive,49,140,35.0
170,103.740679309,1.33364174742,Negative,265,2830,9.363957597173144
171,103.740679309,1.33364174742,Neutral,1350,2830,47.70318021201413
172,103.740679309,1.33364174742,Positive,1215,2830,42.93286219081272
173,103.740679309,1.34364174742,Negative,28,272,10.294117647058822
174,103.740679309,1.34364174742,Neutral,168,272,61.76470588235294
175,103.740679309,1.34364174742,Positive,76,272,27.94117647058824
176,103.740679309,1.35364174742,Negative,15,296,5.067567567567568
177,103.740679309,1.35364174742,Neutral,208,296,70.27027027027027
178,103.740679309,1.35364174742,Positive,73,296,24.66216216216216
179,103.740679309,1.36364174742,Negative,5,72,6.944444444444445
180,103.740679309,1.36364174742,Neutral,45,72,62.5
181,103.740679309,1.36364174742,Positive,22,72,30.55555555555556
182,103.740679309,1.37364174742,Negative,27,246,10.975609756097562
183,103.740679309,1.37364174742,Neutral,149,246,60.56910569105691
184,103.740679309,1.37364174742,Positive,70,246,28.455284552845526
185,103.740679309,1.38364174742,Negative,36,480,7.5
186,103.740679309,1.38364174742,Neutral,306,480,63.74999999999999
187,103.740679309,1.38364174742,Positive,138,480,28.75
188,103.740679309,1.39364174742,Negative,9,210,4.285714285714286
189,103.740679309,1.39364174742,Neutral,159,210,75.71428571428571
190,103.740679309,1.39364174742,Positive,42,210,20.0
191,103.740679309,1.40364174742,Negative,6,87,6.896551724137931
192,103.740679309,1.40364174742,Neutral,50,87,57.47126436781609
193,103.740679309,1.40364174742,Positive,31,87,35.63218390804598
194,103.750679309,1.22364174742,Negative,6,53,11.320754716981131
195,103.750679309,1.22364174742,Neutral,19,53,35.84905660377358
196,103.750679309,1.22364174742,Positive,28,53,52.83018867924528
197,103.750679309,1.30364174742,Negative,2,31,6.451612903225806
198,103.750679309,1.30364174742,Neutral,18,31,58.06451612903226
199,103.750679309,1.30364174742,Positive,11,31,35.483870967741936
200,103.750679309,1.31364174742,Negative,28,133,21.052631578947366
201,103.750679309,1.31364174742,Neutral,51,133,38.34586466165413
202,103.750679309,1.31364174742,Positive,54,133,40.6015037593985
203,103.750679309,1.32364174742,Negative,18,287,6.2717770034843205
204,103.750679309,1.32364174742,Neutral,152,287,52.9616724738676
205,103.750679309,1.32364174742,Positive,117,287,40.76655052264808
206,103.750679309,1.33364174742,Negative,50,387,12.919896640826872
207,103.750679309,1.33364174742,Neutral,214,387,55.29715762273901
208,103.750679309,1.33364174742,Positive,123,387,31.782945736434108
209,103.750679309,1.34364174742,Negative,17,234,7.264957264957266
210,103.750679309,1.34364174742,Neutral,136,234,58.119658119658126
211,103.750679309,1.34364174742,Positive,81,234,34.61538461538461
212,103.750679309,1.35364174742,Negative,51,554,9.2057761732852
213,103.750679309,1.35364174742,Neutral,349,554,62.99638989169674
214,103.750679309,1.35364174742,Positive,154,554,27.79783393501805
215,103.750679309,1.36364174742,Negative,23,254,9.05511811023622
216,103.750679309,1.36364174742,Neutral,159,254,62.59842519685039
217,103.750679309,1.36364174742,Positive,72,254,28.346456692913385
218,103.750679309,1.37364174742,Negative,30,269,11.152416356877325
219,103.750679309,1.37364174742,Neutral,127,269,47.21189591078067
220,103.750679309,1.37364174742,Positive,112,269,41.63568773234201
221,103.750679309,1.38364174742,Negative,96,931,10.311493018259936
222,103.750679309,1.38364174742,Neutral,426,931,45.75725026852847
223,103.750679309,1.38364174742,Positive,409,931,43.9312567132116
224,103.750679309,1.39364174742,Negative,40,510,7.84313725490196
225,103.750679309,1.39364174742,Neutral,327,510,64.11764705882354
226,103.750679309,1.39364174742,Positive,143,510,28.03921568627451
227,103.750679309,1.40364174742,Negative,6,159,3.7735849056603774
228,103.750679309,1.40364174742,Neutral,94,159,59.11949685534591
229,103.750679309,1.40364174742,Positive,59,159,37.10691823899371
230,103.750679309,1.41364174742,Negative,3,42,7.142857142857142
231,103.750679309,1.41364174742,Neutral,8,42,19.047619047619047
232,103.750679309,1.41364174742,Positive,31,42,73.80952380952381
233,103.750679309,1.43364174742,Negative,6,78,7.6923076923076925
234,103.750679309,1.43364174742,Neutral,33,78,42.30769230769231
235,103.750679309,1.43364174742,Positive,39,78,50.0
236,103.750679309,1.45364174742,Negative,5,116,4.310344827586207
237,103.750679309,1.45364174742,Neutral,68,116,58.620689655172406
238,103.750679309,1.45364174742,Positive,43,116,37.06896551724138
239,103.760679309,1.29364174742,Negative,17,164,10.365853658536585
240,103.760679309,1.29364174742,Neutral,76,164,46.34146341463415
241,103.760679309,1.29364174742,Positive,71,164,43.29268292682927
242,103.760679309,1.30364174742,Negative,13,179,7.262569832402235
243,103.760679309,1.30364174742,Neutral,107,179,59.77653631284916
244,103.760679309,1.30364174742,Positive,59,179,32.960893854748605
245,103.760679309,1.31364174742,Negative,240,1826,13.143483023001096
246,103.760679309,1.31364174742,Neutral,874,1826,47.86418400876232
247,103.760679309,1.31364174742,Positive,712,1826,38.99233296823658
248,103.760679309,1.32364174742,Negative,66,545,12.110091743119266
249,103.760679309,1.32364174742,Neutral,204,545,37.43119266055046
250,103.760679309,1.32364174742,Positive,275,545,50.45871559633027
251,103.760679309,1.33364174742,Negative,3,48,6.25
252,103.760679309,1.33364174742,Neutral,27,48,56.25
253,103.760679309,1.33364174742,Positive,18,48,37.5
254,103.760679309,1.34364174742,Negative,17,228,7.456140350877193
255,103.760679309,1.34364174742,Neutral,144,228,63.1578947368421
256,103.760679309,1.34364174742,Positive,67,228,29.385964912280706
257,103.760679309,1.35364174742,Negative,33,404,8.16831683168317
258,103.760679309,1.35364174742,Neutral,246,404,60.89108910891089
259,103.760679309,1.35364174742,Positive,125,404,30.94059405940594
260,103.760679309,1.36364174742,Negative,9,111,8.108108108108109
261,103.760679309,1.36364174742,Neutral,57,111,51.35135135135135
262,103.760679309,1.36364174742,Positive,45,111,40.54054054054054
263,103.760679309,1.37364174742,Negative,427,2665,16.02251407129456
264,103.760679309,1.37364174742,Neutral,1088,2665,40.82551594746717
265,103.760679309,1.37364174742,Positive,1150,2665,43.151969981238274
266,103.760679309,1.38364174742,Negative,41,500,8.200000000000001
267,103.760679309,1.38364174742,Neutral,308,500,61.6
268,103.760679309,1.38364174742,Positive,151,500,30.2
269,103.760679309,1.40364174742,Negative,9,52,17.307692307692307
270,103.760679309,1.40364174742,Neutral,23,52,44.230769230769226
271,103.760679309,1.40364174742,Positive,20,52,38.46153846153847
272,103.760679309,1.42364174742,Negative,78,1010,7.722772277227722
273,103.760679309,1.42364174742,Neutral,260,1010,25.742574257425744
274,103.760679309,1.42364174742,Positive,672,1010,66.53465346534654
275,103.760679309,1.43364174742,Negative,6,51,11.76470588235294
276,103.760679309,1.43364174742,Neutral,26,51,50.98039215686274
277,103.760679309,1.43364174742,Positive,19,51,37.25490196078432
278,103.760679309,1.45364174742,Negative,49,657,7.4581430745814306
279,103.760679309,1.45364174742,Neutral,408,657,62.10045662100456
280,103.760679309,1.45364174742,Positive,200,657,30.441400304414003
281,103.770679309,1.29364174742,Negative,30,393,7.633587786259542
282,103.770679309,1.29364174742,Neutral,179,393,45.5470737913486
283,103.770679309,1.29364174742,Positive,184,393,46.81933842239186
284,103.770679309,1.30364174742,Negative,48,537,8.938547486033519
285,103.770679309,1.30364174742,Neutral,189,537,35.19553072625698
286,103.770679309,1.30364174742,Positive,300,537,55.865921787709496
287,103.770679309,1.31364174742,Negative,22,266,8.270676691729323
288,103.770679309,1.31364174742,Neutral,165,266,62.03007518796993
289,103.770679309,1.31364174742,Positive,79,266,29.69924812030075
290,103.770679309,1.32364174742,Negative,27,368,7.336956521739131
291,103.770679309,1.32364174742,Neutral,231,368,62.77173913043478
292,103.770679309,1.32364174742,Positive,110,368,29.89130434782609
293,103.770679309,1.33364174742,Negative,21,207,10.144927536231885
294,103.770679309,1.33364174742,Neutral,69,207,33.33333333333333
295,103.770679309,1.33364174742,Positive,117,207,56.52173913043478
296,103.770679309,1.34364174742,Negative,35,453,7.72626931567329
297,103.770679309,1.34364174742,Neutral,253,453,55.84988962472406
298,103.770679309,1.34364174742,Positive,165,453,36.42384105960264
299,103.770679309,1.35364174742,Negative,25,240,10.416666666666668
300,103.770679309,1.35364174742,Neutral,148,240,61.66666666666667
301,103.770679309,1.35364174742,Positive,67,240,27.916666666666668
302,103.770679309,1.36364174742,Negative,100,338,29.585798816568047
303,103.770679309,1.36364174742,Neutral,110,338,32.544378698224854
304,103.770679309,1.36364174742,Positive,128,338,37.8698224852071
305,103.770679309,1.37364174742,Negative,24,250,9.6
306,103.770679309,1.37364174742,Neutral,144,250,57.6
307,103.770679309,1.37364174742,Positive,82,250,32.800000000000004
308,103.770679309,1.38364174742,Negative,50,594,8.417508417508419
309,103.770679309,1.38364174742,Neutral,379,594,63.804713804713806
310,103.770679309,1.38364174742,Positive,165,594,27.77777777777778
311,103.770679309,1.39364174742,Negative,20,131,15.267175572519085
312,103.770679309,1.39364174742,Neutral,52,131,39.69465648854962
313,103.770679309,1.39364174742,Positive,59,131,45.038167938931295
314,103.770679309,1.42364174742,Negative,21,231,9.090909090909092
315,103.770679309,1.42364174742,Neutral,79,231,34.1991341991342
316,103.770679309,1.42364174742,Positive,131,231,56.70995670995672
317,103.770679309,1.43364174742,Negative,19,185,10.27027027027027
318,103.770679309,1.43364174742,Neutral,110,185,59.45945945945946
319,103.770679309,1.43364174742,Positive,56,185,30.270270270270277
320,103.770679309,1.44364174742,Negative,60,720,8.333333333333332
321,103.770679309,1.44364174742,Neutral,356,720,49.44444444444444
322,103.770679309,1.44364174742,Positive,304,720,42.22222222222222
323,103.770679309,1.45364174742,Negative,10,96,10.416666666666668
324,103.770679309,1.45364174742,Neutral,59,96,61.458333333333336
325,103.770679309,1.45364174742,Positive,27,96,28.125
326,103.780679309,1.28364174742,Negative,45,253,17.786561264822133
327,103.780679309,1.28364174742,Neutral,108,253,42.68774703557312
328,103.780679309,1.28364174742,Positive,100,253,39.52569169960474
329,103.780679309,1.29364174742,Negative,97,823,11.7861482381531
330,103.780679309,1.29364174742,Neutral,368,823,44.71445929526124
331,103.780679309,1.29364174742,Positive,358,823,43.49939246658566
332,103.780679309,1.30364174742,Negative,106,2056,5.155642023346303
333,103.780679309,1.30364174742,Neutral,1236,2056,60.11673151750973
334,103.780679309,1.30364174742,Positive,714,2056,34.72762645914397
335,103.780679309,1.31364174742,Negative,42,442,9.502262443438914
336,103.780679309,1.31364174742,Neutral,226,442,51.13122171945701
337,103.780679309,1.31364174742,Positive,174,442,39.36651583710408
338,103.780679309,1.32364174742,Negative,7,100,7.000000000000001
339,103.780679309,1.32364174742,Neutral,52,100,52.0
340,103.780679309,1.32364174742,Positive,41,100,41.0
341,103.780679309,1.33364174742,Negative,67,908,7.378854625550661
342,103.780679309,1.33364174742,Neutral,410,908,45.15418502202643
343,103.780679309,1.33364174742,Positive,431,908,47.46696035242291
344,103.780679309,1.34364174742,Negative,32,611,5.237315875613748
345,103.780679309,1.34364174742,Neutral,191,611,31.26022913256956
346,103.780679309,1.34364174742,Positive,388,611,63.50245499181669
347,103.780679309,1.35364174742,Negative,11,123,8.94308943089431
348,103.780679309,1.35364174742,Neutral,63,123,51.21951219512195
349,103.780679309,1.35364174742,Positive,49,123,39.83739837398374
350,103.780679309,1.36364174742,Negative,1,40,2.5
351,103.780679309,1.36364174742,Neutral,19,40,47.5
352,103.780679309,1.36364174742,Positive,20,40,50.0
353,103.780679309,1.37364174742,Negative,40,338,11.83431952662722
354,103.780679309,1.37364174742,Neutral,194,338,57.396449704142015
355,103.780679309,1.37364174742,Positive,104,338,30.76923076923077
356,103.780679309,1.42364174742,Negative,4,80,5.0
357,103.780679309,1.42364174742,Neutral,66,80,82.5
358,103.780679309,1.42364174742,Positive,10,80,12.5
359,103.780679309,1.43364174742,Negative,67,637,10.518053375196232
360,103.780679309,1.43364174742,Neutral,402,637,63.1083202511774
361,103.780679309,1.43364174742,Positive,168,637,26.373626373626376
362,103.780679309,1.44364174742,Negative,337,2502,13.469224620303756
363,103.780679309,1.44364174742,Neutral,1115,2502,44.56434852118306
364,103.780679309,1.44364174742,Positive,1050,2502,41.96642685851319
365,103.780679309,1.45364174742,Negative,21,172,12.209302325581394
366,103.780679309,1.45364174742,Neutral,88,172,51.16279069767442
367,103.780679309,1.45364174742,Positive,63,172,36.627906976744185
368,103.780679309,1.46364174742,Negative,2,63,3.1746031746031744
369,103.780679309,1.46364174742,Neutral,41,63,65.07936507936508
370,103.780679309,1.46364174742,Positive,20,63,31.746031746031743
371,103.790679309,1.27364174742,Negative,8,145,5.517241379310345
372,103.790679309,1.27364174742,Neutral,76,145,52.41379310344828
373,103.790679309,1.27364174742,Positive,61,145,42.06896551724138
374,103.790679309,1.28364174742,Negative,32,309,10.355987055016184
375,103.790679309,1.28364174742,Neutral,177,309,57.28155339805825
376,103.790679309,1.28364174742,Positive,100,309,32.362459546925564
377,103.790679309,1.29364174742,Negative,52,708,7.344632768361582
378,103.790679309,1.29364174742,Neutral,302,708,42.65536723163842
379,103.790679309,1.29364174742,Positive,354,708,50.0
380,103.790679309,1.30364174742,Negative,241,4419,5.453722561665535
381,103.790679309,1.30364174742,Neutral,2179,4419,49.30979859696764
382,103.790679309,1.30364174742,Positive,1999,4419,45.236478841366825
383,103.790679309,1.31364174742,Negative,63,1184,5.320945945945946
384,103.790679309,1.31364174742,Neutral,736,1184,62.16216216216216
385,103.790679309,1.31364174742,Positive,385,1184,32.516891891891895
386,103.790679309,1.32364174742,Negative,1,51,1.96078431372549
387,103.790679309,1.32364174742,Neutral,35,51,68.62745098039215
388,103.790679309,1.32364174742,Positive,15,51,29.411764705882355
389,103.790679309,1.33364174742,Negative,48,489,9.8159509202454
390,103.790679309,1.33364174742,Neutral,227,489,46.42126789366053
391,103.790679309,1.33364174742,Positive,214,489,43.76278118609407
392,103.790679309,1.34364174742,Negative,13,166,7.83132530120482
393,103.790679309,1.34364174742,Neutral,55,166,33.13253012048193
394,103.790679309,1.34364174742,Positive,98,166,59.036144578313255
395,103.790679309,1.35364174742,Negative,1,16,6.25
396,103.790679309,1.35364174742,Neutral,11,16,68.75
397,103.790679309,1.35364174742,Positive,4,16,25.0
398,103.790679309,1.42364174742,Negative,12,90,13.333333333333334
399,103.790679309,1.42364174742,Neutral,40,90,44.44444444444444
400,103.790679309,1.42364174742,Positive,38,90,42.22222222222222
401,103.790679309,1.43364174742,Negative,86,866,9.930715935334874
402,103.790679309,1.43364174742,Neutral,480,866,55.42725173210161
403,103.790679309,1.43364174742,Positive,300,866,34.64203233256351
404,103.790679309,1.44364174742,Negative,67,707,9.476661951909476
405,103.790679309,1.44364174742,Neutral,385,707,54.45544554455446
406,103.790679309,1.44364174742,Positive,255,707,36.06789250353607
407,103.790679309,1.45364174742,Negative,11,121,9.090909090909092
408,103.790679309,1.45364174742,Neutral,47,121,38.84297520661157
409,103.790679309,1.45364174742,Positive,63,121,52.066115702479344
410,103.800679309,1.26364174742,Negative,20,256,7.8125
411,103.800679309,1.26364174742,Neutral,111,256,43.359375
412,103.800679309,1.26364174742,Positive,125,256,48.828125
413,103.800679309,1.27364174742,Negative,81,987,8.206686930091186
414,103.800679309,1.27364174742,Neutral,418,987,42.35055724417426
415,103.800679309,1.27364174742,Positive,488,987,49.442755825734544
416,103.800679309,1.28364174742,Negative,59,746,7.908847184986595
417,103.800679309,1.28364174742,Neutral,315,746,42.22520107238606
418,103.800679309,1.28364174742,Positive,372,746,49.86595174262735
419,103.800679309,1.29364174742,Negative,77,740,10.405405405405403
420,103.800679309,1.29364174742,Neutral,374,740,50.54054054054053
421,103.800679309,1.29364174742,Positive,289,740,39.054054054054056
422,103.800679309,1.30364174742,Negative,131,1223,10.7113654946852
423,103.800679309,1.30364174742,Neutral,470,1223,38.43008994276369
424,103.800679309,1.30364174742,Positive,622,1223,50.8585445625511
425,103.800679309,1.31364174742,Negative,36,340,10.588235294117649
426,103.800679309,1.31364174742,Neutral,165,340,48.52941176470589
427,103.800679309,1.31364174742,Positive,139,340,40.88235294117647
428,103.800679309,1.32364174742,Negative,2,49,4.081632653061225
429,103.800679309,1.32364174742,Neutral,29,49,59.18367346938776
430,103.800679309,1.32364174742,Positive,18,49,36.734693877551024
431,103.800679309,1.33364174742,Negative,32,223,14.349775784753364
432,103.800679309,1.33364174742,Neutral,99,223,44.39461883408072
433,103.800679309,1.33364174742,Positive,92,223,41.25560538116592
434,103.800679309,1.34364174742,Negative,2,44,4.545454545454546
435,103.800679309,1.34364174742,Neutral,20,44,45.45454545454545
436,103.800679309,1.34364174742,Positive,22,44,50.0
437,103.800679309,1.42364174742,Negative,2,44,4.545454545454546
438,103.800679309,1.42364174742,Neutral,26,44,59.09090909090909
439,103.800679309,1.42364174742,Positive,16,44,36.36363636363637
440,103.800679309,1.43364174742,Negative,37,387,9.560723514211883
441,103.800679309,1.43364174742,Neutral,161,387,41.60206718346253
442,103.800679309,1.43364174742,Positive,189,387,48.837209302325576
443,103.800679309,1.44364174742,Negative,23,600,3.833333333333333
444,103.800679309,1.44364174742,Neutral,391,600,65.16666666666666
445,103.800679309,1.44364174742,Positive,186,600,31.0
446,103.800679309,1.45364174742,Negative,64,526,12.167300380228136
447,103.800679309,1.45364174742,Neutral,126,526,23.954372623574145
448,103.800679309,1.45364174742,Positive,336,526,63.87832699619772
449,103.810679309,1.25364174742,Negative,65,772,8.419689119170984
450,103.810679309,1.25364174742,Neutral,334,772,43.26424870466321
451,103.810679309,1.25364174742,Positive,373,772,48.3160621761658
452,103.810679309,1.26364174742,Negative,18,293,6.143344709897611
453,103.810679309,1.26364174742,Neutral,136,293,46.41638225255973
454,103.810679309,1.26364174742,Positive,139,293,47.44027303754266
455,103.810679309,1.27364174742,Negative,50,554,9.025270758122744
456,103.810679309,1.27364174742,Neutral,313,554,56.49819494584838
457,103.810679309,1.27364174742,Positive,191,554,34.47653429602888
458,103.810679309,1.28364174742,Negative,73,761,9.592641261498027
459,103.810679309,1.28364174742,Neutral,397,761,52.16819973718791
460,103.810679309,1.28364174742,Positive,291,761,38.23915900131406
461,103.810679309,1.29364174742,Negative,53,562,9.430604982206406
462,103.810679309,1.29364174742,Neutral,340,562,60.4982206405694
463,103.810679309,1.29364174742,Positive,169,562,30.0711743772242
464,103.810679309,1.30364174742,Negative,92,1024,8.984375
465,103.810679309,1.30364174742,Neutral,448,1024,43.75
466,103.810679309,1.30364174742,Positive,484,1024,47.265625
467,103.810679309,1.31364174742,Negative,33,427,7.728337236533958
468,103.810679309,1.31364174742,Neutral,195,427,45.66744730679157
469,103.810679309,1.31364174742,Positive,199,427,46.60421545667448
470,103.810679309,1.32364174742,Negative,32,408,7.84313725490196
471,103.810679309,1.32364174742,Neutral,215,408,52.69607843137255
472,103.810679309,1.32364174742,Positive,161,408,39.46078431372549
473,103.810679309,1.33364174742,Negative,5,98,5.1020408163265305
474,103.810679309,1.33364174742,Neutral,50,98,51.02040816326531
475,103.810679309,1.33364174742,Positive,43,98,43.87755102040816
476,103.810679309,1.34364174742,Negative,1,26,3.8461538461538463
477,103.810679309,1.34364174742,Neutral,12,26,46.15384615384615
478,103.810679309,1.34364174742,Positive,13,26,50.0
479,103.810679309,1.35364174742,Negative,5,32,15.625
480,103.810679309,1.35364174742,Neutral,16,32,50.0
481,103.810679309,1.35364174742,Positive,11,32,34.375
482,103.810679309,1.36364174742,Negative,3,47,6.382978723404255
483,103.810679309,1.36364174742,Neutral,22,47,46.80851063829788
484,103.810679309,1.36364174742,Positive,22,47,46.80851063829788
485,103.810679309,1.37364174742,Negative,6,65,9.230769230769232
486,103.810679309,1.37364174742,Neutral,32,65,49.23076923076923
487,103.810679309,1.37364174742,Positive,27,65,41.53846153846154
488,103.810679309,1.40364174742,Negative,10,131,7.633587786259542
489,103.810679309,1.40364174742,Neutral,75,131,57.25190839694656
490,103.810679309,1.40364174742,Positive,46,131,35.11450381679389
491,103.810679309,1.41364174742,Negative,4,27,14.814814814814811
492,103.810679309,1.41364174742,Neutral,13,27,48.14814814814815
493,103.810679309,1.41364174742,Positive,10,27,37.03703703703704
494,103.810679309,1.43364174742,Negative,1,20,5.0
495,103.810679309,1.43364174742,Neutral,15,20,75.0
496,103.810679309,1.43364174742,Positive,4,20,20.0
497,103.810679309,1.44364174742,Negative,13,197,6.598984771573605
498,103.810679309,1.44364174742,Neutral,101,197,51.26903553299492
499,103.810679309,1.44364174742,Positive,83,197,42.13197969543147
500,103.810679309,1.45364174742,Negative,4,66,6.0606060606060606
501,103.810679309,1.45364174742,Neutral,46,66,69.6969696969697
502,103.810679309,1.45364174742,Positive,16,66,24.24242424242424
503,103.810679309,1.46364174742,Negative,7,80,8.75
504,103.810679309,1.46364174742,Neutral,21,80,26.25
505,103.810679309,1.46364174742,Positive,52,80,65.0
506,103.820679309,1.24364174742,Negative,12,114,10.526315789473683
507,103.820679309,1.24364174742,Neutral,47,114,41.2280701754386
508,103.820679309,1.24364174742,Positive,55,114,48.24561403508772
509,103.820679309,1.25364174742,Negative,575,5951,9.662241640060492
510,103.820679309,1.25364174742,Neutral,2661,5951,44.71517392034952
511,103.820679309,1.25364174742,Positive,2715,5951,45.62258443958999
512,103.820679309,1.26364174742,Negative,201,2181,9.21595598349381
513,103.820679309,1.26364174742,Neutral,1061,2181,48.64740944520862
514,103.820679309,1.26364174742,Positive,919,2181,42.13663457129757
515,103.820679309,1.27364174742,Negative,45,607,7.413509060955518
516,103.820679309,1.27364174742,Neutral,341,607,56.17792421746294
517,103.820679309,1.27364174742,Positive,221,607,36.40856672158155
518,103.820679309,1.30364174742,Negative,91,1302,6.989247311827956
519,103.820679309,1.30364174742,Neutral,500,1302,38.40245775729647
520,103.820679309,1.30364174742,Positive,711,1302,54.60829493087558
521,103.820679309,1.31364174742,Negative,73,1015,7.192118226600986
522,103.820679309,1.31364174742,Neutral,465,1015,45.8128078817734
523,103.820679309,1.31364174742,Positive,477,1015,46.995073891625616
524,103.820679309,1.32364174742,Negative,14,204,6.862745098039216
525,103.820679309,1.32364174742,Neutral,84,204,41.17647058823529
526,103.820679309,1.32364174742,Positive,106,204,51.9607843137255
527,103.820679309,1.33364174742,Negative,6,42,14.285714285714285
528,103.820679309,1.33364174742,Neutral,26,42,61.90476190476191
529,103.820679309,1.33364174742,Positive,10,42,23.809523809523807
530,103.820679309,1.35364174742,Negative,28,522,5.363984674329502
531,103.820679309,1.35364174742,Neutral,151,522,28.9272030651341
532,103.820679309,1.35364174742,Positive,343,522,65.7088122605364
533,103.820679309,1.36364174742,Negative,987,7673,12.863286849993482
534,103.820679309,1.36364174742,Neutral,2339,7673,30.483513619184155
535,103.820679309,1.36364174742,Positive,4347,7673,56.65319953082236
536,103.820679309,1.37364174742,Negative,24,59,40.67796610169492
537,103.820679309,1.37364174742,Neutral,10,59,16.94915254237288
538,103.820679309,1.37364174742,Positive,25,59,42.3728813559322
539,103.820679309,1.38364174742,Negative,11,82,13.414634146341465
540,103.820679309,1.38364174742,Neutral,46,82,56.09756097560976
541,103.820679309,1.38364174742,Positive,25,82,30.48780487804878
542,103.820679309,1.39364174742,Negative,1,58,1.7241379310344829
543,103.820679309,1.39364174742,Neutral,42,58,72.41379310344827
544,103.820679309,1.39364174742,Positive,15,58,25.86206896551724
545,103.820679309,1.40364174742,Negative,9,123,7.317073170731707
546,103.820679309,1.40364174742,Neutral,83,123,67.47967479674797
547,103.820679309,1.40364174742,Positive,31,123,25.203252032520325
548,103.820679309,1.42364174742,Negative,3,23,13.043478260869565
549,103.820679309,1.42364174742,Neutral,13,23,56.52173913043478
550,103.820679309,1.42364174742,Positive,7,23,30.434782608695656
551,103.820679309,1.43364174742,Negative,6,44,13.636363636363637
552,103.820679309,1.43364174742,Neutral,26,44,59.09090909090909
553,103.820679309,1.43364174742,Positive,12,44,27.27272727272727
554,103.820679309,1.44364174742,Negative,45,461,9.761388286334055
555,103.820679309,1.44364174742,Neutral,211,461,45.77006507592191
556,103.820679309,1.44364174742,Positive,205,461,44.46854663774403
557,103.820679309,1.45364174742,Negative,54,625,8.64
558,103.820679309,1.45364174742,Neutral,281,625,44.96
559,103.820679309,1.45364174742,Positive,290,625,46.400000000000006
560,103.820679309,1.46364174742,Negative,8,58,13.79310344827586
561,103.820679309,1.46364174742,Neutral,25,58,43.103448275862064
562,103.820679309,1.46364174742,Positive,25,58,43.103448275862064
563,103.830679309,1.24364174742,Negative,48,699,6.866952789699571
564,103.830679309,1.24364174742,Neutral,296,699,42.34620886981402
565,103.830679309,1.24364174742,Positive,355,699,50.786838340486405
566,103.830679309,1.25364174742,Negative,36,341,10.557184750733136
567,103.830679309,1.25364174742,Neutral,126,341,36.95014662756599
568,103.830679309,1.25364174742,Positive,179,341,52.49266862170088
569,103.830679309,1.26364174742,Neutral,18,22,81.81818181818183
570,103.830679309,1.26364174742,Positive,4,22,18.181818181818183
571,103.830679309,1.27364174742,Negative,43,374,11.497326203208557
572,103.830679309,1.27364174742,Neutral,234,374,62.56684491978609
573,103.830679309,1.27364174742,Positive,97,374,25.935828877005346
574,103.830679309,1.28364174742,Negative,224,2030,11.03448275862069
575,103.830679309,1.28364174742,Neutral,959,2030,47.241379310344826
576,103.830679309,1.28364174742,Positive,847,2030,41.72413793103448
577,103.830679309,1.30364174742,Negative,532,7077,7.51730959446093
578,103.830679309,1.30364174742,Neutral,2978,7077,42.079977391550095
579,103.830679309,1.30364174742,Positive,3567,7077,50.40271301398897
580,103.830679309,1.31364174742,Negative,58,1079,5.375347544022243
581,103.830679309,1.31364174742,Neutral,448,1079,41.51992585727525
582,103.830679309,1.31364174742,Positive,573,1079,53.1047265987025
583,103.830679309,1.32364174742,Negative,8,96,8.333333333333332
584,103.830679309,1.32364174742,Neutral,54,96,56.25
585,103.830679309,1.32364174742,Positive,34,96,35.41666666666667
586,103.830679309,1.33364174742,Negative,1,44,2.272727272727273
587,103.830679309,1.33364174742,Neutral,16,44,36.36363636363637
588,103.830679309,1.33364174742,Positive,27,44,61.36363636363637
589,103.830679309,1.34364174742,Negative,46,501,9.181636726546904
590,103.830679309,1.34364174742,Neutral,253,501,50.49900199600798
591,103.830679309,1.34364174742,Positive,202,501,40.31936127744511
592,103.830679309,1.35364174742,Negative,43,521,8.253358925143955
593,103.830679309,1.35364174742,Neutral,268,521,51.439539347408825
594,103.830679309,1.35364174742,Positive,210,521,40.30710172744721
595,103.830679309,1.36364174742,Negative,24,207,11.594202898550725
596,103.830679309,1.36364174742,Neutral,109,207,52.65700483091788
597,103.830679309,1.36364174742,Positive,74,207,35.7487922705314
598,103.830679309,1.37364174742,Negative,196,612,32.02614379084967
599,103.830679309,1.37364174742,Neutral,336,612,54.90196078431373
600,103.830679309,1.37364174742,Positive,80,612,13.071895424836605
601,103.830679309,1.38364174742,Negative,20,200,10.0
602,103.830679309,1.38364174742,Neutral,136,200,68.0
603,103.830679309,1.38364174742,Positive,44,200,22.0
604,103.830679309,1.39364174742,Negative,1,25,4.0
605,103.830679309,1.39364174742,Neutral,19,25,76.0
606,103.830679309,1.39364174742,Positive,5,25,20.0
607,103.830679309,1.40364174742,Negative,16,42,38.095238095238095
608,103.830679309,1.40364174742,Neutral,7,42,16.666666666666664
609,103.830679309,1.40364174742,Positive,19,42,45.23809523809524
610,103.830679309,1.41364174742,Negative,81,606,13.366336633663368
611,103.830679309,1.41364174742,Neutral,326,606,53.79537953795379
612,103.830679309,1.41364174742,Positive,199,606,32.838283828382835
613,103.830679309,1.42364174742,Negative,37,339,10.914454277286136
614,103.830679309,1.42364174742,Neutral,171,339,50.4424778761062
615,103.830679309,1.42364174742,Positive,131,339,38.64306784660767
616,103.830679309,1.43364174742,Negative,97,1040,9.326923076923077
617,103.830679309,1.43364174742,Neutral,537,1040,51.63461538461539
618,103.830679309,1.43364174742,Positive,406,1040,39.03846153846154
619,103.830679309,1.44364174742,Negative,35,299,11.705685618729095
620,103.830679309,1.44364174742,Neutral,199,299,66.5551839464883
621,103.830679309,1.44364174742,Positive,65,299,21.73913043478261
622,103.830679309,1.45364174742,Negative,10,116,8.620689655172415
623,103.830679309,1.45364174742,Neutral,63,116,54.310344827586206
624,103.830679309,1.45364174742,Positive,43,116,37.06896551724138
625,103.840679309,1.24364174742,Negative,38,579,6.563039723661486
626,103.840679309,1.24364174742,Neutral,278,579,48.01381692573403
627,103.840679309,1.24364174742,Positive,263,579,45.42314335060449
628,103.840679309,1.25364174742,Negative,14,107,13.084112149532707
629,103.840679309,1.25364174742,Neutral,52,107,48.598130841121495
630,103.840679309,1.25364174742,Positive,41,107,38.31775700934579
631,103.840679309,1.27364174742,Negative,304,3107,9.784357901512712
632,103.840679309,1.27364174742,Neutral,1381,3107,44.44802059864821
633,103.840679309,1.27364174742,Positive,1422,3107,45.76762149983907
634,103.840679309,1.28364174742,Negative,730,7160,10.195530726256983
635,103.840679309,1.28364174742,Neutral,3438,7160,48.01675977653631
636,103.840679309,1.28364174742,Positive,2992,7160,41.78770949720671
637,103.840679309,1.30364174742,Negative,854,8484,10.066006600660064
638,103.840679309,1.30364174742,Neutral,3849,8484,45.36775106082037
639,103.840679309,1.30364174742,Positive,3781,8484,44.566242338519565
640,103.840679309,1.32364174742,Negative,137,1412,9.702549575070822
641,103.840679309,1.32364174742,Neutral,679,1412,48.08781869688386
642,103.840679309,1.32364174742,Positive,596,1412,42.20963172804532
643,103.840679309,1.33364174742,Negative,20,406,4.926108374384237
644,103.840679309,1.33364174742,Neutral,292,406,71.92118226600985
645,103.840679309,1.33364174742,Positive,94,406,23.15270935960591
646,103.840679309,1.34364174742,Negative,16,184,8.695652173913043
647,103.840679309,1.34364174742,Neutral,96,184,52.17391304347826
648,103.840679309,1.34364174742,Positive,72,184,39.130434782608695
649,103.840679309,1.35364174742,Negative,59,626,9.424920127795527
650,103.840679309,1.35364174742,Neutral,228,626,36.42172523961661
651,103.840679309,1.35364174742,Positive,339,626,54.153354632587856
652,103.840679309,1.36364174742,Negative,48,469,10.23454157782516
653,103.840679309,1.36364174742,Neutral,276,469,58.84861407249466
654,103.840679309,1.36364174742,Positive,145,469,30.91684434968017
655,103.840679309,1.37364174742,Negative,74,819,9.035409035409035
656,103.840679309,1.37364174742,Neutral,359,819,43.83394383394384
657,103.840679309,1.37364174742,Positive,386,819,47.13064713064713
658,103.840679309,1.38364174742,Negative,22,184,11.956521739130435
659,103.840679309,1.38364174742,Neutral,95,184,51.63043478260869
660,103.840679309,1.38364174742,Positive,67,184,36.41304347826087
661,103.840679309,1.39364174742,Negative,3,34,8.823529411764707
662,103.840679309,1.39364174742,Neutral,22,34,64.70588235294117
663,103.840679309,1.39364174742,Positive,9,34,26.47058823529412
664,103.840679309,1.41364174742,Negative,25,427,5.85480093676815
665,103.840679309,1.41364174742,Neutral,269,427,62.997658079625296
666,103.840679309,1.41364174742,Positive,133,427,31.14754098360656
667,103.840679309,1.42364174742,Negative,72,859,8.381839348079161
668,103.840679309,1.42364174742,Neutral,447,859,52.03725261932479
669,103.840679309,1.42364174742,Positive,340,859,39.58090803259604
670,103.840679309,1.43364174742,Negative,98,1005,9.751243781094528
671,103.840679309,1.43364174742,Neutral,525,1005,52.23880597014925
672,103.840679309,1.43364174742,Positive,382,1005,38.00995024875622
673,103.840679309,1.44364174742,Negative,4,18,22.22222222222222
674,103.840679309,1.44364174742,Neutral,7,18,38.88888888888889
675,103.840679309,1.44364174742,Positive,7,18,38.88888888888889
676,103.840679309,1.46364174742,Negative,11,112,9.821428571428571
677,103.840679309,1.46364174742,Neutral,55,112,49.10714285714285
678,103.840679309,1.46364174742,Positive,46,112,41.07142857142857
679,103.850679309,1.22364174742,Negative,13,166,7.83132530120482
680,103.850679309,1.22364174742,Neutral,75,166,45.18072289156627
681,103.850679309,1.22364174742,Positive,78,166,46.98795180722892
682,103.850679309,1.27364174742,Negative,165,2075,7.951807228915662
683,103.850679309,1.27364174742,Neutral,792,2075,38.16867469879518
684,103.850679309,1.27364174742,Positive,1118,2075,53.87951807228916
685,103.850679309,1.28364174742,Negative,1069,13407,7.973446706944133
686,103.850679309,1.28364174742,Neutral,5731,13407,42.746326545834265
687,103.850679309,1.28364174742,Positive,6607,13407,49.2802267472216
688,103.850679309,1.30364174742,Negative,508,6455,7.869868319132456
689,103.850679309,1.30364174742,Neutral,2808,6455,43.501161890007744
690,103.850679309,1.30364174742,Positive,3139,6455,48.6289697908598
691,103.850679309,1.31364174742,Negative,75,1209,6.20347394540943
692,103.850679309,1.31364174742,Neutral,535,1209,44.25144747725393
693,103.850679309,1.31364174742,Positive,599,1209,49.545078577336646
694,103.850679309,1.32364174742,Negative,97,1093,8.874656907593778
695,103.850679309,1.32364174742,Neutral,575,1093,52.60750228728271
696,103.850679309,1.32364174742,Positive,421,1093,38.51784080512351
697,103.850679309,1.33364174742,Negative,155,1407,11.01634683724236
698,103.850679309,1.33364174742,Neutral,629,1407,44.70504619758351
699,103.850679309,1.33364174742,Positive,623,1407,44.27860696517413
700,103.850679309,1.34364174742,Negative,70,857,8.168028004667445
701,103.850679309,1.34364174742,Neutral,429,857,50.05834305717619
702,103.850679309,1.34364174742,Positive,358,857,41.77362893815636
703,103.850679309,1.35364174742,Negative,146,1673,8.726838015540944
704,103.850679309,1.35364174742,Neutral,569,1673,34.01075911536163
705,103.850679309,1.35364174742,Positive,958,1673,57.26240286909743
706,103.850679309,1.36364174742,Negative,36,751,4.793608521970706
707,103.850679309,1.36364174742,Neutral,416,751,55.39280958721704
708,103.850679309,1.36364174742,Positive,299,751,39.81358189081225
709,103.850679309,1.37364174742,Negative,96,988,9.7165991902834
710,103.850679309,1.37364174742,Neutral,516,988,52.22672064777328
711,103.850679309,1.37364174742,Positive,376,988,38.05668016194332
712,103.850679309,1.38364174742,Negative,16,227,7.048458149779736
713,103.850679309,1.38364174742,Neutral,81,227,35.68281938325991
714,103.850679309,1.38364174742,Positive,130,227,57.26872246696036
715,103.850679309,1.39364174742,Negative,2,46,4.3478260869565215
716,103.850679309,1.39364174742,Neutral,30,46,65.21739130434783
717,103.850679309,1.39364174742,Positive,14,46,30.434782608695656
718,103.850679309,1.42364174742,Negative,22,304,7.236842105263158
719,103.850679309,1.42364174742,Neutral,166,304,54.60526315789473
720,103.850679309,1.42364174742,Positive,116,304,38.15789473684211
721,103.850679309,1.43364174742,Negative,3,26,11.538461538461538
722,103.850679309,1.43364174742,Neutral,13,26,50.0
723,103.850679309,1.43364174742,Positive,10,26,38.46153846153847
724,103.860679309,1.22364174742,Negative,1,16,6.25
725,103.860679309,1.22364174742,Neutral,7,16,43.75
726,103.860679309,1.22364174742,Positive,8,16,50.0
727,103.860679309,1.26364174742,Negative,51,483,10.559006211180124
728,103.860679309,1.26364174742,Neutral,200,483,41.40786749482402
729,103.860679309,1.26364174742,Positive,232,483,48.033126293995856
730,103.860679309,1.27364174742,Negative,7,116,6.0344827586206895
731,103.860679309,1.27364174742,Neutral,71,116,61.206896551724135
732,103.860679309,1.27364174742,Positive,38,116,32.758620689655174
733,103.860679309,1.28364174742,Negative,1005,13562,7.410411443739862
734,103.860679309,1.28364174742,Neutral,6111,13562,45.059725704173424
735,103.860679309,1.28364174742,Positive,6446,13562,47.52986285208672
736,103.860679309,1.30364174742,Negative,589,7278,8.09288266007145
737,103.860679309,1.30364174742,Neutral,3417,7278,46.94971145919208
738,103.860679309,1.30364174742,Positive,3272,7278,44.95740588073647
739,103.860679309,1.31364174742,Negative,203,2509,8.090872857712236
740,103.860679309,1.31364174742,Neutral,1099,2509,43.80231167795935
741,103.860679309,1.31364174742,Positive,1207,2509,48.10681546432842
742,103.860679309,1.32364174742,Negative,60,959,6.256517205422315
743,103.860679309,1.32364174742,Neutral,515,959,53.70177267987487
744,103.860679309,1.32364174742,Positive,384,959,40.041710114702816
745,103.860679309,1.33364174742,Negative,14,271,5.166051660516605
746,103.860679309,1.33364174742,Neutral,196,271,72.32472324723247
747,103.860679309,1.33364174742,Positive,61,271,22.50922509225092
748,103.860679309,1.34364174742,Negative,12,173,6.9364161849710975
749,103.860679309,1.34364174742,Neutral,95,173,54.91329479768786
750,103.860679309,1.34364174742,Positive,66,173,38.15028901734104
751,103.860679309,1.35364174742,Negative,13,208,6.25
752,103.860679309,1.35364174742,Neutral,104,208,50.0
753,103.860679309,1.35364174742,Positive,91,208,43.75
754,103.860679309,1.36364174742,Negative,24,359,6.685236768802229
755,103.860679309,1.36364174742,Neutral,191,359,53.2033426183844
756,103.860679309,1.36364174742,Positive,144,359,40.11142061281337
757,103.860679309,1.37364174742,Negative,16,256,6.25
758,103.860679309,1.37364174742,Neutral,137,256,53.515625
759,103.860679309,1.37364174742,Positive,103,256,40.234375
760,103.860679309,1.39364174742,Negative,2,21,9.523809523809524
761,103.860679309,1.39364174742,Neutral,10,21,47.61904761904761
762,103.860679309,1.39364174742,Positive,9,21,42.85714285714285
763,103.860679309,1.40364174742,Negative,1,19,5.263157894736842
764,103.860679309,1.40364174742,Neutral,12,19,63.1578947368421
765,103.860679309,1.40364174742,Positive,6,19,31.57894736842105
766,103.860679309,1.41364174742,Neutral,17,24,70.83333333333334
767,103.860679309,1.41364174742,Positive,7,24,29.166666666666668
768,103.860679309,1.42364174742,Negative,11,104,10.576923076923077
769,103.860679309,1.42364174742,Neutral,59,104,56.730769230769226
770,103.860679309,1.42364174742,Positive,34,104,32.69230769230769
771,103.870679309,1.28364174742,Negative,280,3400,8.235294117647058
772,103.870679309,1.28364174742,Neutral,1661,3400,48.85294117647059
773,103.870679309,1.28364174742,Positive,1459,3400,42.91176470588236
774,103.870679309,1.29364174742,Negative,24,357,6.722689075630252
775,103.870679309,1.29364174742,Neutral,162,357,45.37815126050421
776,103.870679309,1.29364174742,Positive,171,357,47.89915966386555
777,103.870679309,1.30364174742,Negative,333,3516,9.470989761092149
778,103.870679309,1.30364174742,Neutral,1402,3516,39.87485779294653
779,103.870679309,1.30364174742,Positive,1781,3516,50.65415244596132
780,103.870679309,1.31364174742,Negative,136,1031,13.191076624636274
781,103.870679309,1.31364174742,Neutral,610,1031,59.16585838991271
782,103.870679309,1.31364174742,Positive,285,1031,27.643064985451016
783,103.870679309,1.32364174742,Negative,76,775,9.806451612903226
784,103.870679309,1.32364174742,Neutral,411,775,53.03225806451613
785,103.870679309,1.32364174742,Positive,288,775,37.16129032258065
786,103.870679309,1.33364174742,Negative,36,598,6.020066889632108
787,103.870679309,1.33364174742,Neutral,239,598,39.96655518394649
788,103.870679309,1.33364174742,Positive,323,598,54.0133779264214
789,103.870679309,1.34364174742,Negative,14,241,5.809128630705394
790,103.870679309,1.34364174742,Neutral,137,241,56.84647302904564
791,103.870679309,1.34364174742,Positive,90,241,37.344398340248965
792,103.870679309,1.35364174742,Negative,843,4032,20.90773809523809
793,103.870679309,1.35364174742,Neutral,2072,4032,51.388888888888886
794,103.870679309,1.35364174742,Positive,1117,4032,27.703373015873016
795,103.870679309,1.36364174742,Negative,36,400,9.0
796,103.870679309,1.36364174742,Neutral,207,400,51.74999999999999
797,103.870679309,1.36364174742,Positive,157,400,39.25
798,103.870679309,1.37364174742,Negative,22,283,7.773851590106007
799,103.870679309,1.37364174742,Neutral,175,283,61.83745583038869
800,103.870679309,1.37364174742,Positive,86,283,30.3886925795053
801,103.870679309,1.39364174742,Negative,14,184,7.608695652173914
802,103.870679309,1.39364174742,Neutral,96,184,52.17391304347826
803,103.870679309,1.39364174742,Positive,74,184,40.21739130434783
804,103.870679309,1.40364174742,Negative,12,150,8.0
805,103.870679309,1.40364174742,Neutral,76,150,50.66666666666667
806,103.870679309,1.40364174742,Positive,62,150,41.333333333333336
807,103.870679309,1.41364174742,Negative,11,190,5.789473684210527
808,103.870679309,1.41364174742,Neutral,93,190,48.94736842105264
809,103.870679309,1.41364174742,Positive,86,190,45.26315789473684
810,103.880679309,1.29364174742,Negative,4,93,4.301075268817205
811,103.880679309,1.29364174742,Neutral,58,93,62.36559139784946
812,103.880679309,1.29364174742,Positive,31,93,33.33333333333333
813,103.880679309,1.30364174742,Negative,78,847,9.20897284533648
814,103.880679309,1.30364174742,Neutral,414,847,48.87839433293979
815,103.880679309,1.30364174742,Positive,355,847,41.91263282172373
816,103.880679309,1.31364174742,Negative,1227,3116,39.37740693196405
817,103.880679309,1.31364174742,Neutral,952,3116,30.551989730423617
818,103.880679309,1.31364174742,Positive,937,3116,30.07060333761232
819,103.880679309,1.32364174742,Negative,27,376,7.180851063829788
820,103.880679309,1.32364174742,Neutral,207,376,55.053191489361694
821,103.880679309,1.32364174742,Positive,142,376,37.765957446808514
822,103.880679309,1.33364174742,Negative,29,309,9.385113268608414
823,103.880679309,1.33364174742,Neutral,164,309,53.07443365695793
824,103.880679309,1.33364174742,Positive,116,309,37.54045307443366
825,103.880679309,1.34364174742,Negative,15,418,3.588516746411483
826,103.880679309,1.34364174742,Neutral,198,418,47.368421052631575
827,103.880679309,1.34364174742,Positive,205,418,49.04306220095694
828,103.880679309,1.35364174742,Negative,24,555,4.324324324324325
829,103.880679309,1.35364174742,Neutral,363,555,65.4054054054054
830,103.880679309,1.35364174742,Positive,168,555,30.270270270270277
831,103.880679309,1.36364174742,Negative,29,318,9.119496855345911
832,103.880679309,1.36364174742,Neutral,201,318,63.20754716981132
833,103.880679309,1.36364174742,Positive,88,318,27.67295597484277
834,103.880679309,1.37364174742,Negative,76,832,9.134615384615383
835,103.880679309,1.37364174742,Neutral,378,832,45.43269230769231
836,103.880679309,1.37364174742,Positive,378,832,45.43269230769231
837,103.880679309,1.38364174742,Negative,23,293,7.849829351535837
838,103.880679309,1.38364174742,Neutral,164,293,55.972696245733786
839,103.880679309,1.38364174742,Positive,106,293,36.177474402730375
840,103.880679309,1.39364174742,Negative,29,499,5.811623246492986
841,103.880679309,1.39364174742,Neutral,313,499,62.725450901803605
842,103.880679309,1.39364174742,Positive,157,499,31.462925851703403
843,103.890679309,1.28364174742,Negative,29,175,16.57142857142857
844,103.890679309,1.28364174742,Neutral,68,175,38.85714285714285
845,103.890679309,1.28364174742,Positive,78,175,44.57142857142857
846,103.890679309,1.29364174742,Negative,11,99,11.11111111111111
847,103.890679309,1.29364174742,Neutral,51,99,51.51515151515152
848,103.890679309,1.29364174742,Positive,37,99,37.37373737373738
849,103.890679309,1.30364174742,Negative,44,501,8.78243512974052
850,103.890679309,1.30364174742,Neutral,333,501,66.46706586826348
851,103.890679309,1.30364174742,Positive,124,501,24.75049900199601
852,103.890679309,1.31364174742,Negative,145,1898,7.639620653319283
853,103.890679309,1.31364174742,Neutral,991,1898,52.212855637513165
854,103.890679309,1.31364174742,Positive,762,1898,40.14752370916754
855,103.890679309,1.32364174742,Negative,199,1566,12.707535121328226
856,103.890679309,1.32364174742,Neutral,859,1566,54.85312899106003
857,103.890679309,1.32364174742,Positive,508,1566,32.43933588761175
858,103.890679309,1.33364174742,Negative,82,837,9.79689366786141
859,103.890679309,1.33364174742,Neutral,402,837,48.028673835125446
860,103.890679309,1.33364174742,Positive,353,837,42.17443249701314
861,103.890679309,1.34364174742,Negative,1,28,3.571428571428571
862,103.890679309,1.34364174742,Neutral,11,28,39.285714285714285
863,103.890679309,1.34364174742,Positive,16,28,57.14285714285714
864,103.890679309,1.35364174742,Negative,26,480,5.416666666666667
865,103.890679309,1.35364174742,Neutral,231,480,48.125
866,103.890679309,1.35364174742,Positive,223,480,46.458333333333336
867,103.890679309,1.36364174742,Negative,69,435,15.862068965517242
868,103.890679309,1.36364174742,Neutral,244,435,56.09195402298851
869,103.890679309,1.36364174742,Positive,122,435,28.04597701149425
870,103.890679309,1.37364174742,Negative,87,991,8.779011099899092
871,103.890679309,1.37364174742,Neutral,580,991,58.52674066599395
872,103.890679309,1.37364174742,Positive,324,991,32.694248234106965
873,103.890679309,1.38364174742,Negative,25,421,5.938242280285035
874,103.890679309,1.38364174742,Neutral,288,421,68.40855106888361
875,103.890679309,1.38364174742,Positive,108,421,25.65320665083136
876,103.890679309,1.39364174742,Negative,58,648,8.950617283950617
877,103.890679309,1.39364174742,Neutral,348,648,53.70370370370371
878,103.890679309,1.39364174742,Positive,242,648,37.34567901234568
879,103.890679309,1.40364174742,Negative,8,85,9.411764705882351
880,103.890679309,1.40364174742,Neutral,53,85,62.35294117647059
881,103.890679309,1.40364174742,Positive,24,85,28.235294117647054
882,103.900679309,1.29364174742,Negative,10,161,6.211180124223603
883,103.900679309,1.29364174742,Neutral,69,161,42.85714285714285
884,103.900679309,1.29364174742,Positive,82,161,50.931677018633536
885,103.900679309,1.30364174742,Negative,122,1370,8.905109489051096
886,103.900679309,1.30364174742,Neutral,608,1370,44.37956204379562
887,103.900679309,1.30364174742,Positive,640,1370,46.71532846715328
888,103.900679309,1.31364174742,Negative,197,2681,7.348004475941813
889,103.900679309,1.31364174742,Neutral,1384,2681,51.62252890712421
890,103.900679309,1.31364174742,Positive,1100,2681,41.02946661693398
891,103.900679309,1.32364174742,Negative,47,469,10.021321961620467
892,103.900679309,1.32364174742,Neutral,221,469,47.12153518123667
893,103.900679309,1.32364174742,Positive,201,469,42.85714285714285
894,103.900679309,1.33364174742,Negative,25,432,5.787037037037037
895,103.900679309,1.33364174742,Neutral,247,432,57.17592592592593
896,103.900679309,1.33364174742,Positive,160,432,37.03703703703704
897,103.900679309,1.34364174742,Negative,42,227,18.50220264317181
898,103.900679309,1.34364174742,Neutral,62,227,27.31277533039648
899,103.900679309,1.34364174742,Positive,123,227,54.18502202643172
900,103.900679309,1.36364174742,Negative,8,60,13.333333333333334
901,103.900679309,1.36364174742,Neutral,28,60,46.66666666666666
902,103.900679309,1.36364174742,Positive,24,60,40.0
903,103.900679309,1.37364174742,Negative,30,632,4.746835443037975
904,103.900679309,1.37364174742,Neutral,447,632,70.72784810126582
905,103.900679309,1.37364174742,Positive,155,632,24.525316455696203
906,103.900679309,1.38364174742,Negative,174,956,18.200836820083683
907,103.900679309,1.38364174742,Neutral,325,956,33.99581589958159
908,103.900679309,1.38364174742,Positive,457,956,47.80334728033473
909,103.900679309,1.39364174742,Negative,62,662,9.365558912386708
910,103.900679309,1.39364174742,Neutral,397,662,59.969788519637454
911,103.900679309,1.39364174742,Positive,203,662,30.664652567975832
912,103.900679309,1.40364174742,Negative,83,1151,7.211120764552563
913,103.900679309,1.40364174742,Neutral,701,1151,60.90356211989574
914,103.900679309,1.40364174742,Positive,367,1151,31.885317115551693
915,103.900679309,1.41364174742,Negative,26,244,10.655737704918032
916,103.900679309,1.41364174742,Neutral,122,244,50.0
917,103.900679309,1.41364174742,Positive,96,244,39.34426229508197
918,103.910679309,1.29364174742,Negative,9,36,25.0
919,103.910679309,1.29364174742,Neutral,18,36,50.0
920,103.910679309,1.29364174742,Positive,9,36,25.0
921,103.910679309,1.30364174742,Negative,98,956,10.251046025104603
922,103.910679309,1.30364174742,Neutral,476,956,49.7907949790795
923,103.910679309,1.30364174742,Positive,382,956,39.9581589958159
924,103.910679309,1.31364174742,Negative,435,2116,20.55765595463138
925,103.910679309,1.31364174742,Neutral,870,2116,41.11531190926276
926,103.910679309,1.31364174742,Positive,811,2116,38.327032136105856
927,103.910679309,1.32364174742,Negative,47,524,8.969465648854962
928,103.910679309,1.32364174742,Neutral,327,524,62.40458015267175
929,103.910679309,1.32364174742,Positive,150,524,28.62595419847328
930,103.910679309,1.33364174742,Negative,78,653,11.944869831546708
931,103.910679309,1.33364174742,Neutral,296,653,45.3292496171516
932,103.910679309,1.33364174742,Positive,279,653,42.725880551301685
933,103.910679309,1.34364174742,Negative,14,300,4.666666666666667
934,103.910679309,1.34364174742,Neutral,162,300,54.0
935,103.910679309,1.34364174742,Positive,124,300,41.333333333333336
936,103.910679309,1.36364174742,Negative,11,69,15.942028985507244
937,103.910679309,1.36364174742,Neutral,26,69,37.68115942028986
938,103.910679309,1.36364174742,Positive,32,69,46.3768115942029
939,103.910679309,1.38364174742,Negative,8,22,36.36363636363637
940,103.910679309,1.38364174742,Neutral,8,22,36.36363636363637
941,103.910679309,1.38364174742,Positive,6,22,27.27272727272727
942,103.910679309,1.39364174742,Negative,45,703,6.401137980085349
943,103.910679309,1.39364174742,Neutral,506,703,71.97724039829303
944,103.910679309,1.39364174742,Positive,152,703,21.62162162162162
945,103.910679309,1.40364174742,Negative,50,674,7.418397626112759
946,103.910679309,1.40364174742,Neutral,435,674,64.54005934718101
947,103.910679309,1.40364174742,Positive,189,674,28.041543026706236
948,103.910679309,1.41364174742,Negative,95,830,11.44578313253012
949,103.910679309,1.41364174742,Neutral,318,830,38.31325301204819
950,103.910679309,1.41364174742,Positive,417,830,50.24096385542168
951,103.910679309,1.42364174742,Negative,20,168,11.904761904761903
952,103.910679309,1.42364174742,Neutral,69,168,41.07142857142857
953,103.910679309,1.42364174742,Positive,79,168,47.023809523809526
954,103.920679309,1.30364174742,Negative,25,341,7.331378299120235
955,103.920679309,1.30364174742,Neutral,188,341,55.13196480938416
956,103.920679309,1.30364174742,Positive,128,341,37.5366568914956
957,103.920679309,1.31364174742,Negative,25,329,7.598784194528875
958,103.920679309,1.31364174742,Neutral,176,329,53.49544072948328
959,103.920679309,1.31364174742,Positive,128,329,38.90577507598784
960,103.920679309,1.32364174742,Negative,19,273,6.95970695970696
961,103.920679309,1.32364174742,Neutral,159,273,58.24175824175825
962,103.920679309,1.32364174742,Positive,95,273,34.7985347985348
963,103.920679309,1.33364174742,Negative,45,659,6.828528072837632
964,103.920679309,1.33364174742,Neutral,347,659,52.65553869499241
965,103.920679309,1.33364174742,Positive,267,659,40.51593323216996
966,103.920679309,1.34364174742,Negative,21,205,10.24390243902439
967,103.920679309,1.34364174742,Neutral,72,205,35.12195121951219
968,103.920679309,1.34364174742,Positive,112,205,54.63414634146342
969,103.920679309,1.35364174742,Negative,5,75,6.666666666666667
970,103.920679309,1.35364174742,Neutral,28,75,37.333333333333336
971,103.920679309,1.35364174742,Positive,42,75,56.00000000000001
972,103.920679309,1.39364174742,Negative,14,209,6.698564593301436
973,103.920679309,1.39364174742,Neutral,104,209,49.76076555023924
974,103.920679309,1.39364174742,Positive,91,209,43.54066985645933
975,103.920679309,1.40364174742,Negative,6,149,4.026845637583892
976,103.920679309,1.40364174742,Neutral,101,149,67.78523489932886
977,103.920679309,1.40364174742,Positive,42,149,28.187919463087248
978,103.920679309,1.41364174742,Negative,1,37,2.702702702702702
979,103.920679309,1.41364174742,Neutral,22,37,59.45945945945946
980,103.920679309,1.41364174742,Positive,14,37,37.83783783783784
981,103.930679309,1.30364174742,Negative,34,452,7.52212389380531
982,103.930679309,1.30364174742,Neutral,232,452,51.32743362831859
983,103.930679309,1.30364174742,Positive,186,452,41.150442477876105
984,103.930679309,1.31364174742,Negative,36,535,6.728971962616822
985,103.930679309,1.31364174742,Neutral,363,535,67.85046728971963
986,103.930679309,1.31364174742,Positive,136,535,25.42056074766355
987,103.930679309,1.32364174742,Negative,183,1724,10.614849187935036
988,103.930679309,1.32364174742,Neutral,906,1724,52.55220417633411
989,103.930679309,1.32364174742,Positive,635,1724,36.832946635730856
990,103.930679309,1.33364174742,Negative,39,406,9.60591133004926
991,103.930679309,1.33364174742,Neutral,273,406,67.24137931034483
992,103.930679309,1.33364174742,Positive,94,406,23.15270935960591
993,103.930679309,1.34364174742,Negative,40,341,11.730205278592376
994,103.930679309,1.34364174742,Neutral,137,341,40.17595307917888
995,103.930679309,1.34364174742,Positive,164,341,48.09384164222874
996,103.930679309,1.35364174742,Negative,30,427,7.02576112412178
997,103.930679309,1.35364174742,Neutral,238,427,55.73770491803278
998,103.930679309,1.35364174742,Positive,159,427,37.23653395784544
999,103.930679309,1.36364174742,Negative,6,95,6.315789473684211
1000,103.930679309,1.36364174742,Neutral,38,95,40.0
1001,103.930679309,1.36364174742,Positive,51,95,53.68421052631579
1002,103.930679309,1.37364174742,Negative,40,294,13.60544217687075
1003,103.930679309,1.37364174742,Neutral,143,294,48.63945578231292
1004,103.930679309,1.37364174742,Positive,111,294,37.755102040816325
1005,103.930679309,1.38364174742,Negative,2,31,6.451612903225806
1006,103.930679309,1.38364174742,Neutral,22,31,70.96774193548387
1007,103.930679309,1.38364174742,Positive,7,31,22.58064516129032
1008,103.940679309,1.30364174742,Negative,11,98,11.224489795918368
1009,103.940679309,1.30364174742,Neutral,67,98,68.36734693877551
1010,103.940679309,1.30364174742,Positive,20,98,20.40816326530612
1011,103.940679309,1.31364174742,Negative,18,305,5.901639344262295
1012,103.940679309,1.31364174742,Neutral,169,305,55.40983606557377
1013,103.940679309,1.31364174742,Positive,118,305,38.68852459016394
1014,103.940679309,1.32364174742,Negative,55,492,11.178861788617883
1015,103.940679309,1.32364174742,Neutral,271,492,55.08130081300813
1016,103.940679309,1.32364174742,Positive,166,492,33.739837398373986
1017,103.940679309,1.33364174742,Negative,35,362,9.668508287292818
1018,103.940679309,1.33364174742,Neutral,218,362,60.22099447513812
1019,103.940679309,1.33364174742,Positive,109,362,30.11049723756906
1020,103.940679309,1.34364174742,Negative,29,397,7.304785894206549
1021,103.940679309,1.34364174742,Neutral,208,397,52.39294710327456
1022,103.940679309,1.34364174742,Positive,160,397,40.302267002518896
1023,103.940679309,1.35364174742,Negative,143,1663,8.598917618761275
1024,103.940679309,1.35364174742,Neutral,820,1663,49.30847865303668
1025,103.940679309,1.35364174742,Positive,700,1663,42.09260372820204
1026,103.940679309,1.36364174742,Negative,12,155,7.741935483870968
1027,103.940679309,1.36364174742,Neutral,69,155,44.516129032258064
1028,103.940679309,1.36364174742,Positive,74,155,47.74193548387097
1029,103.940679309,1.37364174742,Negative,44,515,8.54368932038835
1030,103.940679309,1.37364174742,Neutral,235,515,45.63106796116505
1031,103.940679309,1.37364174742,Positive,236,515,45.8252427184466
1032,103.940679309,1.38364174742,Negative,20,336,5.952380952380952
1033,103.940679309,1.38364174742,Neutral,121,336,36.01190476190476
1034,103.940679309,1.38364174742,Positive,195,336,58.03571428571429
1035,103.950679309,1.31364174742,Negative,4,67,5.970149253731343
1036,103.950679309,1.31364174742,Neutral,45,67,67.16417910447761
1037,103.950679309,1.31364174742,Positive,18,67,26.86567164179105
1038,103.950679309,1.32364174742,Negative,40,543,7.366482504604052
1039,103.950679309,1.32364174742,Neutral,310,543,57.0902394106814
1040,103.950679309,1.32364174742,Positive,193,543,35.543278084714544
1041,103.950679309,1.33364174742,Negative,64,468,13.675213675213676
1042,103.950679309,1.33364174742,Neutral,261,468,55.76923076923077
1043,103.950679309,1.33364174742,Positive,143,468,30.55555555555556
1044,103.950679309,1.34364174742,Negative,98,836,11.722488038277511
1045,103.950679309,1.34364174742,Neutral,409,836,48.92344497607656
1046,103.950679309,1.34364174742,Positive,329,836,39.354066985645936
1047,103.950679309,1.35364174742,Negative,105,868,12.096774193548388
1048,103.950679309,1.35364174742,Neutral,436,868,50.23041474654379
1049,103.950679309,1.35364174742,Positive,327,868,37.67281105990784
1050,103.950679309,1.36364174742,Negative,24,276,8.695652173913043
1051,103.950679309,1.36364174742,Neutral,164,276,59.42028985507246
1052,103.950679309,1.36364174742,Positive,88,276,31.88405797101449
1053,103.950679309,1.37364174742,Negative,145,1791,8.096035734226689
1054,103.950679309,1.37364174742,Neutral,825,1791,46.06365159128978
1055,103.950679309,1.37364174742,Positive,821,1791,45.84031267448353
1056,103.950679309,1.38364174742,Negative,20,272,7.352941176470589
1057,103.950679309,1.38364174742,Neutral,137,272,50.36764705882353
1058,103.950679309,1.38364174742,Positive,115,272,42.27941176470589
1059,103.960679309,1.31364174742,Negative,2,53,3.7735849056603774
1060,103.960679309,1.31364174742,Neutral,32,53,60.37735849056604
1061,103.960679309,1.31364174742,Positive,19,53,35.84905660377358
1062,103.960679309,1.32364174742,Negative,2,52,3.8461538461538463
1063,103.960679309,1.32364174742,Neutral,34,52,65.38461538461539
1064,103.960679309,1.32364174742,Positive,16,52,30.76923076923077
1065,103.960679309,1.33364174742,Negative,69,1171,5.892399658411613
1066,103.960679309,1.33364174742,Neutral,530,1171,45.2604611443211
1067,103.960679309,1.33364174742,Positive,572,1171,48.84713919726729
1068,103.960679309,1.34364174742,Negative,28,603,4.643449419568822
1069,103.960679309,1.34364174742,Neutral,309,603,51.24378109452736
1070,103.960679309,1.34364174742,Positive,266,603,44.11276948590381
1071,103.960679309,1.35364174742,Negative,46,684,6.725146198830409
1072,103.960679309,1.35364174742,Neutral,362,684,52.92397660818714
1073,103.960679309,1.35364174742,Positive,276,684,40.35087719298245
1074,103.960679309,1.36364174742,Negative,19,264,7.196969696969697
1075,103.960679309,1.36364174742,Neutral,125,264,47.34848484848485
1076,103.960679309,1.36364174742,Positive,120,264,45.45454545454545
1077,103.960679309,1.37364174742,Negative,31,391,7.928388746803069
1078,103.960679309,1.37364174742,Neutral,235,391,60.10230179028133
1079,103.960679309,1.37364174742,Positive,125,391,31.9693094629156
1080,103.960679309,1.38364174742,Negative,7,82,8.536585365853659
1081,103.960679309,1.38364174742,Neutral,43,82,52.4390243902439
1082,103.960679309,1.38364174742,Positive,32,82,39.02439024390244
1083,103.960679309,1.40364174742,Neutral,19,25,76.0
1084,103.960679309,1.40364174742,Positive,6,25,24.0
1085,103.970679309,1.31364174742,Neutral,33,56,58.92857142857143
1086,103.970679309,1.31364174742,Positive,23,56,41.07142857142857
1087,103.970679309,1.32364174742,Neutral,10,22,45.45454545454545
1088,103.970679309,1.32364174742,Positive,12,22,54.54545454545454
1089,103.970679309,1.33364174742,Negative,7,40,17.5
1090,103.970679309,1.33364174742,Neutral,18,40,45.0
1091,103.970679309,1.33364174742,Positive,15,40,37.5
1092,103.970679309,1.34364174742,Negative,1,22,4.545454545454546
1093,103.970679309,1.34364174742,Neutral,15,22,68.18181818181817
1094,103.970679309,1.34364174742,Positive,6,22,27.27272727272727
1095,103.970679309,1.35364174742,Negative,12,70,17.142857142857142
1096,103.970679309,1.35364174742,Neutral,36,70,51.42857142857142
1097,103.970679309,1.35364174742,Positive,22,70,31.428571428571427
1098,103.970679309,1.39364174742,Negative,1,41,2.4390243902439024
1099,103.970679309,1.39364174742,Neutral,17,41,41.46341463414634
1100,103.970679309,1.39364174742,Positive,23,41,56.09756097560976
1101,103.970679309,1.40364174742,Negative,23,236,9.745762711864408
1102,103.970679309,1.40364174742,Neutral,105,236,44.49152542372881
1103,103.970679309,1.40364174742,Positive,108,236,45.76271186440678
1104,103.980679309,1.31364174742,Negative,4,61,6.557377049180328
1105,103.980679309,1.31364174742,Neutral,23,61,37.704918032786885
1106,103.980679309,1.31364174742,Positive,34,61,55.73770491803278
1107,103.980679309,1.33364174742,Negative,60,540,11.11111111111111
1108,103.980679309,1.33364174742,Neutral,289,540,53.51851851851852
1109,103.980679309,1.33364174742,Positive,191,540,35.37037037037037
1110,103.980679309,1.34364174742,Negative,19,243,7.818930041152264
1111,103.980679309,1.34364174742,Neutral,146,243,60.08230452674898
1112,103.980679309,1.34364174742,Positive,78,243,32.098765432098766
1113,103.980679309,1.35364174742,Negative,22,221,9.95475113122172
1114,103.980679309,1.35364174742,Neutral,133,221,60.18099547511312
1115,103.980679309,1.35364174742,Positive,66,221,29.86425339366516
1116,103.980679309,1.38364174742,Negative,4,34,11.76470588235294
1117,103.980679309,1.38364174742,Neutral,14,34,41.17647058823529
1118,103.980679309,1.38364174742,Positive,16,34,47.05882352941176
1119,103.980679309,1.39364174742,Negative,18,172,10.465116279069768
1120,103.980679309,1.39364174742,Neutral,74,172,43.02325581395349
1121,103.980679309,1.39364174742,Positive,80,172,46.51162790697674
1122,103.990679309,1.31364174742,Negative,3,39,7.6923076923076925
1123,103.990679309,1.31364174742,Neutral,19,39,48.71794871794872
1124,103.990679309,1.31364174742,Positive,17,39,43.58974358974359
1125,103.990679309,1.34364174742,Negative,1,16,6.25
1126,103.990679309,1.34364174742,Neutral,11,16,68.75
1127,103.990679309,1.34364174742,Positive,4,16,25.0
1128,103.990679309,1.35364174742,Negative,460,4465,10.3023516237402
1129,103.990679309,1.35364174742,Neutral,2186,4465,48.95856662933931
1130,103.990679309,1.35364174742,Positive,1819,4465,40.73908174692049
1131,103.990679309,1.36364174742,Negative,431,6418,6.715487690869431
1132,103.990679309,1.36364174742,Neutral,1647,6418,25.662200062324715
1133,103.990679309,1.36364174742,Positive,4340,6418,67.62231224680586
1134,103.990679309,1.38364174742,Negative,1,26,3.8461538461538463
1135,103.990679309,1.38364174742,Neutral,11,26,42.30769230769231
1136,103.990679309,1.38364174742,Positive,14,26,53.84615384615385
1137,103.990679309,1.39364174742,Negative,28,371,7.547169811320755
1138,103.990679309,1.39364174742,Neutral,201,371,54.17789757412399
1139,103.990679309,1.39364174742,Positive,142,371,38.27493261455525
1140,103.990679309,1.40364174742,Negative,5,42,11.904761904761903
1141,103.990679309,1.40364174742,Neutral,20,42,47.61904761904761
1142,103.990679309,1.40364174742,Positive,17,42,40.47619047619048
1143,104.000679309,1.34364174742,Negative,9,84,10.714285714285714
1144,104.000679309,1.34364174742,Neutral,41,84,48.80952380952381
1145,104.000679309,1.34364174742,Positive,34,84,40.47619047619048
1146,104.000679309,1.35364174742,Negative,7,103,6.796116504854369
1147,104.000679309,1.35364174742,Neutral,39,103,37.86407766990291
1148,104.000679309,1.35364174742,Positive,57,103,55.33980582524271
1149,104.000679309,1.38364174742,Negative,28,312,8.974358974358974
1150,104.000679309,1.38364174742,Neutral,156,312,50.0
1151,104.000679309,1.38364174742,Positive,128,312,41.02564102564102
1152,104.020679309,1.36364174742,Negative,10,146,6.849315068493151
1153,104.020679309,1.36364174742,Neutral,62,146,42.465753424657535
1154,104.020679309,1.36364174742,Positive,74,146,50.68493150684932
1155,104.030679309,1.40364174742,Negative,15,78,19.230769230769237
1156,104.030679309,1.40364174742,Neutral,34,78,43.58974358974359
1157,104.030679309,1.40364174742,Positive,29,78,37.17948717948718
1158,104.040679309,1.35364174742,Negative,3,26,11.538461538461538
1159,104.040679309,1.35364174742,Neutral,6,26,23.07692307692308
1160,104.040679309,1.35364174742,Positive,17,26,65.38461538461539
