,lon,lat,nltk_sentiment,count,total,%neg,nltk_cmp_score
0,103.610679309,1.24364174742,Negative,2,36,5.555555555555555,0.1423361111111111
1,103.610679309,1.25364174742,Negative,1,48,2.083333333333333,0.11520833333333334
2,103.630679309,1.27364174742,Negative,1,31,3.225806451612903,0.2440516129032258
3,103.630679309,1.29364174742,Negative,3,19,15.789473684210526,0.16615789473684212
4,103.630679309,1.30364174742,Negative,1,23,4.3478260869565215,0.3385521739130435
5,103.630679309,1.31364174742,Negative,3,32,9.375,0.21944687499999999
6,103.630679309,1.34364174742,Negative,4,122,3.278688524590164,0.16714344262295083
7,103.630679309,1.35364174742,Negative,5,40,12.5,0.0832525
8,103.640679309,1.20364174742,Negative,9,51,17.647058823529413,0.19345098039215686
9,103.640679309,1.34364174742,Negative,6,80,7.5,0.13861625
10,103.650679309,1.33364174742,Negative,2,18,11.11111111111111,0.10045
11,103.660679309,1.32364174742,Negative,7,57,12.280701754385964,0.10661929824561404
12,103.660679309,1.41364174742,Negative,37,611,6.055646481178396,0.20009378068739772
13,103.670679309,1.29364174742,Negative,3,16,18.75,0.1967375
14,103.670679309,1.33364174742,Negative,6,39,15.384615384615383,0.2693307692307692
15,103.680679309,1.29364174742,Negative,10,111,9.00900900900901,0.24973603603603603
16,103.680679309,1.32364174742,Negative,5,61,8.19672131147541,0.11400491803278688
17,103.680679309,1.33364174742,Negative,8,86,9.30232558139535,0.1925046511627907
18,103.680679309,1.34364174742,Negative,42,407,10.319410319410318,0.30202039312039314
19,103.680679309,1.35364174742,Negative,6,76,7.894736842105263,0.24920789473684213
20,103.690679309,1.32364174742,Negative,2,26,7.6923076923076925,0.12855384615384616
21,103.690679309,1.33364174742,Negative,7,50,14.000000000000002,0.13995000000000002
22,103.690679309,1.34364174742,Negative,15,212,7.075471698113208,0.16619528301886793
23,103.690679309,1.35364174742,Negative,6,60,10.0,0.13491833333333333
24,103.690679309,1.36364174742,Negative,4,30,13.333333333333334,0.3067266666666667
25,103.690679309,1.37364174742,Negative,5,25,20.0,0.04352399999999999
26,103.690679309,1.38364174742,Negative,2,19,10.526315789473683,0.21610000000000001
27,103.700679309,1.26364174742,Negative,1,19,5.263157894736842,0.2454894736842105
28,103.700679309,1.31364174742,Negative,1,38,2.631578947368421,0.20905
29,103.700679309,1.32364174742,Negative,1,25,4.0,0.041424
30,103.700679309,1.33364174742,Negative,11,172,6.395348837209303,0.12364011627906978
31,103.700679309,1.34364174742,Negative,61,545,11.192660550458717,0.12166568807339449
32,103.700679309,1.35364174742,Negative,24,333,7.207207207207207,0.06997177177177177
33,103.700679309,1.42364174742,Negative,7,24,29.166666666666668,0.16071666666666665
34,103.710679309,1.31364174742,Negative,13,160,8.125,0.210195
35,103.710679309,1.32364174742,Negative,2,58,3.4482758620689653,0.16262413793103447
36,103.710679309,1.33364174742,Negative,14,119,11.76470588235294,0.1402529411764706
37,103.710679309,1.34364174742,Negative,83,843,9.845788849347567,0.14672372479240808
38,103.710679309,1.43364174742,Negative,3,29,10.344827586206897,0.15772413793103449
39,103.720679309,1.31364174742,Negative,4,44,9.090909090909092,0.2792
40,103.720679309,1.32364174742,Negative,6,90,6.666666666666667,0.2489222222222222
41,103.720679309,1.33364174742,Negative,42,534,7.865168539325842,0.22849531835205994
42,103.720679309,1.34364174742,Negative,29,459,6.318082788671024,0.1350368191721133
43,103.720679309,1.35364174742,Negative,30,528,5.681818181818182,0.20847594696969696
44,103.720679309,1.37364174742,Negative,5,75,6.666666666666667,0.2909426666666666
45,103.720679309,1.41364174742,Negative,6,29,20.689655172413797,0.11449655172413792
46,103.720679309,1.42364174742,Negative,3,31,9.67741935483871,0.09118387096774193
47,103.730679309,1.31364174742,Negative,3,35,8.571428571428571,0.29309142857142856
48,103.730679309,1.33364174742,Negative,16,251,6.374501992031872,0.19639243027888445
49,103.730679309,1.34364174742,Negative,59,694,8.501440922190202,0.2086227665706052
50,103.730679309,1.35364174742,Negative,9,87,10.344827586206897,0.10798965517241378
51,103.730679309,1.38364174742,Negative,2,22,9.090909090909092,0.11828636363636363
52,103.730679309,1.42364174742,Negative,1,17,5.88235294117647,0.2767235294117647
53,103.730679309,1.44364174742,Negative,28,264,10.606060606060606,0.19651477272727272
54,103.740679309,1.31364174742,Negative,1,30,3.333333333333333,0.18292000000000003
55,103.740679309,1.32364174742,Negative,16,140,11.428571428571429,0.15663785714285716
56,103.740679309,1.33364174742,Negative,265,2830,9.363957597173144,0.22045208480565373
57,103.740679309,1.34364174742,Negative,28,272,10.294117647058822,0.09880514705882353
58,103.740679309,1.35364174742,Negative,15,296,5.067567567567568,0.11360675675675676
59,103.740679309,1.36364174742,Negative,5,72,6.944444444444445,0.09953611111111112
60,103.740679309,1.37364174742,Negative,27,246,10.975609756097562,0.12006666666666667
61,103.740679309,1.38364174742,Negative,36,480,7.5,0.12971791666666668
62,103.740679309,1.39364174742,Negative,9,210,4.285714285714286,0.07660857142857143
63,103.740679309,1.40364174742,Negative,6,87,6.896551724137931,0.18420114942528737
64,103.750679309,1.22364174742,Negative,6,53,11.320754716981131,0.23327358490566039
65,103.750679309,1.30364174742,Negative,2,31,6.451612903225806,0.18324193548387097
66,103.750679309,1.31364174742,Negative,28,133,21.052631578947366,0.10414887218045113
67,103.750679309,1.32364174742,Negative,18,287,6.2717770034843205,0.21698606271777002
68,103.750679309,1.33364174742,Negative,50,387,12.919896640826872,0.13322403100775193
69,103.750679309,1.34364174742,Negative,17,234,7.264957264957266,0.16472948717948718
70,103.750679309,1.35364174742,Negative,51,554,9.2057761732852,0.12635108303249099
71,103.750679309,1.36364174742,Negative,23,254,9.05511811023622,0.11940590551181103
72,103.750679309,1.37364174742,Negative,30,269,11.152416356877325,0.22965018587360594
73,103.750679309,1.38364174742,Negative,96,931,10.311493018259936,0.21076530612244898
74,103.750679309,1.39364174742,Negative,40,510,7.84313725490196,0.1296907843137255
75,103.750679309,1.40364174742,Negative,6,159,3.7735849056603774,0.21724968553459123
76,103.750679309,1.41364174742,Negative,3,42,7.142857142857142,0.5034071428571428
77,103.750679309,1.43364174742,Negative,6,78,7.6923076923076925,0.2508448717948718
78,103.750679309,1.45364174742,Negative,5,116,4.310344827586207,0.21050517241379313
79,103.760679309,1.29364174742,Negative,17,164,10.365853658536585,0.22151341463414637
80,103.760679309,1.30364174742,Negative,13,179,7.262569832402235,0.16175307262569832
81,103.760679309,1.31364174742,Negative,240,1826,13.143483023001096,0.18287973713033953
82,103.760679309,1.32364174742,Negative,66,545,12.110091743119266,0.25329119266055045
83,103.760679309,1.33364174742,Negative,3,48,6.25,0.15508125
84,103.760679309,1.34364174742,Negative,17,228,7.456140350877193,0.12878947368421054
85,103.760679309,1.35364174742,Negative,33,404,8.16831683168317,0.1274982673267327
86,103.760679309,1.36364174742,Negative,9,111,8.108108108108109,0.16198738738738738
87,103.760679309,1.37364174742,Negative,427,2665,16.02251407129456,0.1535944090056285
88,103.760679309,1.38364174742,Negative,41,500,8.200000000000001,0.13073240000000003
89,103.760679309,1.40364174742,Negative,9,52,17.307692307692307,0.12866538461538463
90,103.760679309,1.42364174742,Negative,78,1010,7.722772277227722,0.44934851485148514
91,103.760679309,1.43364174742,Negative,6,51,11.76470588235294,0.19730196078431372
92,103.760679309,1.45364174742,Negative,49,657,7.4581430745814306,0.1475966514459665
93,103.770679309,1.29364174742,Negative,30,393,7.633587786259542,0.24694325699745545
94,103.770679309,1.30364174742,Negative,48,537,8.938547486033519,0.300468156424581
95,103.770679309,1.31364174742,Negative,22,266,8.270676691729323,0.1265112781954887
96,103.770679309,1.32364174742,Negative,27,368,7.336956521739131,0.14213559782608695
97,103.770679309,1.33364174742,Negative,21,207,10.144927536231885,0.3158768115942029
98,103.770679309,1.34364174742,Negative,35,453,7.72626931567329,0.18647527593818983
99,103.770679309,1.35364174742,Negative,25,240,10.416666666666668,0.13127375
100,103.770679309,1.36364174742,Negative,100,338,29.585798816568047,0.10779112426035503
101,103.770679309,1.37364174742,Negative,24,250,9.6,0.16225640000000002
102,103.770679309,1.38364174742,Negative,50,594,8.417508417508419,0.12177255892255892
103,103.770679309,1.39364174742,Negative,20,131,15.267175572519085,0.19543969465648856
104,103.770679309,1.42364174742,Negative,21,231,9.090909090909092,0.3366229437229437
105,103.770679309,1.43364174742,Negative,19,185,10.27027027027027,0.11583405405405406
106,103.770679309,1.44364174742,Negative,60,720,8.333333333333332,0.2274122222222222
107,103.770679309,1.45364174742,Negative,10,96,10.416666666666668,0.11586562499999999
108,103.780679309,1.28364174742,Negative,45,253,17.786561264822133,0.13657312252964426
109,103.780679309,1.29364174742,Negative,97,823,11.7861482381531,0.22052053462940463
110,103.780679309,1.30364174742,Negative,106,2056,5.155642023346303,0.192025826848249
111,103.780679309,1.31364174742,Negative,42,442,9.502262443438914,0.20363325791855202
112,103.780679309,1.32364174742,Negative,7,100,7.000000000000001,0.16532599999999997
113,103.780679309,1.33364174742,Negative,67,908,7.378854625550661,0.26875969162995594
114,103.780679309,1.34364174742,Negative,32,611,5.237315875613748,0.40244615384615384
115,103.780679309,1.35364174742,Negative,11,123,8.94308943089431,0.18397642276422765
116,103.780679309,1.36364174742,Negative,1,40,2.5,0.23236249999999997
117,103.780679309,1.37364174742,Negative,40,338,11.83431952662722,0.10908136094674557
118,103.780679309,1.42364174742,Negative,4,80,5.0,0.02964875
119,103.780679309,1.43364174742,Negative,67,637,10.518053375196232,0.08756043956043956
120,103.780679309,1.44364174742,Negative,337,2502,13.469224620303756,0.18849384492406077
121,103.780679309,1.45364174742,Negative,21,172,12.209302325581394,0.16790290697674418
122,103.780679309,1.46364174742,Negative,2,63,3.1746031746031744,0.16546666666666668
123,103.790679309,1.27364174742,Negative,8,145,5.517241379310345,0.22073793103448275
124,103.790679309,1.28364174742,Negative,32,309,10.355987055016184,0.11147443365695793
125,103.790679309,1.29364174742,Negative,52,708,7.344632768361582,0.28778149717514123
126,103.790679309,1.30364174742,Negative,241,4419,5.453722561665535,0.24588189635664176
127,103.790679309,1.31364174742,Negative,63,1184,5.320945945945946,0.169310472972973
128,103.790679309,1.32364174742,Negative,1,51,1.96078431372549,0.1909588235294118
129,103.790679309,1.33364174742,Negative,48,489,9.8159509202454,0.2362071574642127
130,103.790679309,1.34364174742,Negative,13,166,7.83132530120482,0.3606487951807229
131,103.790679309,1.35364174742,Negative,1,16,6.25,0.11577500000000002
132,103.790679309,1.42364174742,Negative,12,90,13.333333333333334,0.18307222222222225
133,103.790679309,1.43364174742,Negative,86,866,9.930715935334874,0.1527228637413395
134,103.790679309,1.44364174742,Negative,67,707,9.476661951909476,0.1850062234794908
135,103.790679309,1.45364174742,Negative,11,121,9.090909090909092,0.2537413223140496
136,103.800679309,1.26364174742,Negative,20,256,7.8125,0.259966796875
137,103.800679309,1.27364174742,Negative,81,987,8.206686930091186,0.26780070921985816
138,103.800679309,1.28364174742,Negative,59,746,7.908847184986595,0.27621233243967824
139,103.800679309,1.29364174742,Negative,77,740,10.405405405405403,0.1889216216216216
140,103.800679309,1.30364174742,Negative,131,1223,10.7113654946852,0.26721561733442356
141,103.800679309,1.31364174742,Negative,36,340,10.588235294117649,0.19466029411764707
142,103.800679309,1.32364174742,Negative,2,49,4.081632653061225,0.2137265306122449
143,103.800679309,1.33364174742,Negative,32,223,14.349775784753364,0.17455650224215247
144,103.800679309,1.34364174742,Negative,2,44,4.545454545454546,0.27033409090909094
145,103.800679309,1.42364174742,Negative,2,44,4.545454545454546,0.1620818181818182
146,103.800679309,1.43364174742,Negative,37,387,9.560723514211883,0.2468532299741602
147,103.800679309,1.44364174742,Negative,23,600,3.833333333333333,0.15109866666666666
148,103.800679309,1.45364174742,Negative,64,526,12.167300380228136,0.351574144486692
149,103.810679309,1.25364174742,Negative,65,772,8.419689119170984,0.257750518134715
150,103.810679309,1.26364174742,Negative,18,293,6.143344709897611,0.2571566552901024
151,103.810679309,1.27364174742,Negative,50,554,9.025270758122744,0.14704783393501805
152,103.810679309,1.28364174742,Negative,73,761,9.592641261498027,0.1838586070959264
153,103.810679309,1.29364174742,Negative,53,562,9.430604982206406,0.13326779359430604
154,103.810679309,1.30364174742,Negative,92,1024,8.984375,0.25726611328125
155,103.810679309,1.31364174742,Negative,33,427,7.728337236533958,0.24146416861826697
156,103.810679309,1.32364174742,Negative,32,408,7.84313725490196,0.2151904411764706
157,103.810679309,1.33364174742,Negative,5,98,5.1020408163265305,0.25255918367346936
158,103.810679309,1.34364174742,Negative,1,26,3.8461538461538463,0.2968923076923077
159,103.810679309,1.35364174742,Negative,5,32,15.625,0.087903125
160,103.810679309,1.36364174742,Negative,3,47,6.382978723404255,0.22560425531914896
161,103.810679309,1.37364174742,Negative,6,65,9.230769230769232,0.18252615384615384
162,103.810679309,1.40364174742,Negative,10,131,7.633587786259542,0.15298396946564885
163,103.810679309,1.41364174742,Negative,4,27,14.814814814814811,0.1668259259259259
164,103.810679309,1.43364174742,Negative,1,20,5.0,0.08252999999999999
165,103.810679309,1.44364174742,Negative,13,197,6.598984771573605,0.19969695431472081
166,103.810679309,1.45364174742,Negative,4,66,6.0606060606060606,0.10090454545454546
167,103.810679309,1.46364174742,Negative,7,80,8.75,0.3701525
168,103.820679309,1.24364174742,Negative,12,114,10.526315789473683,0.241309649122807
169,103.820679309,1.25364174742,Negative,575,5951,9.662241640060492,0.22898055788943034
170,103.820679309,1.26364174742,Negative,201,2181,9.21595598349381,0.21622283356258595
171,103.820679309,1.27364174742,Negative,45,607,7.413509060955518,0.18475354200988467
172,103.820679309,1.30364174742,Negative,91,1302,6.989247311827956,0.319228955453149
173,103.820679309,1.31364174742,Negative,73,1015,7.192118226600986,0.24561802955665024
174,103.820679309,1.32364174742,Negative,14,204,6.862745098039216,0.29923382352941175
175,103.820679309,1.33364174742,Negative,6,42,14.285714285714285,0.1009857142857143
176,103.820679309,1.35364174742,Negative,28,522,5.363984674329502,0.31130402298850574
177,103.820679309,1.36364174742,Negative,987,7673,12.863286849993482,0.28788876580216344
178,103.820679309,1.37364174742,Negative,24,59,40.67796610169492,0.09415084745762713
179,103.820679309,1.38364174742,Negative,11,82,13.414634146341465,0.13783414634146343
180,103.820679309,1.39364174742,Negative,1,58,1.7241379310344829,0.13506724137931034
181,103.820679309,1.40364174742,Negative,9,123,7.317073170731707,0.12552195121951218
182,103.820679309,1.42364174742,Negative,3,23,13.043478260869565,0.11798695652173914
183,103.820679309,1.43364174742,Negative,6,44,13.636363636363637,0.09244318181818181
184,103.820679309,1.44364174742,Negative,45,461,9.761388286334055,0.21369761388286335
185,103.820679309,1.45364174742,Negative,54,625,8.64,0.22973248
186,103.820679309,1.46364174742,Negative,8,58,13.79310344827586,0.2050103448275862
187,103.830679309,1.24364174742,Negative,48,699,6.866952789699571,0.27962947067238914
188,103.830679309,1.25364174742,Negative,36,341,10.557184750733136,0.2514211143695015
189,103.830679309,1.27364174742,Negative,43,374,11.497326203208557,0.10671336898395722
190,103.830679309,1.28364174742,Negative,224,2030,11.03448275862069,0.19182231527093596
191,103.830679309,1.30364174742,Negative,532,7077,7.51730959446093,0.2799986152324431
192,103.830679309,1.31364174742,Negative,58,1079,5.375347544022243,0.32568721037998144
193,103.830679309,1.32364174742,Negative,8,96,8.333333333333332,0.17184375
194,103.830679309,1.33364174742,Negative,1,44,2.272727272727273,0.3660590909090909
195,103.830679309,1.34364174742,Negative,46,501,9.181636726546904,0.19646427145708584
196,103.830679309,1.35364174742,Negative,43,521,8.253358925143955,0.20921554702495201
197,103.830679309,1.36364174742,Negative,24,207,11.594202898550725,0.16444830917874395
198,103.830679309,1.37364174742,Negative,196,612,32.02614379084967,-0.05291764705882352
199,103.830679309,1.38364174742,Negative,20,200,10.0,0.09290100000000001
200,103.830679309,1.39364174742,Negative,1,25,4.0,0.062524
201,103.830679309,1.40364174742,Negative,16,42,38.095238095238095,0.16404285714285716
202,103.830679309,1.41364174742,Negative,81,606,13.366336633663368,0.14076765676567657
203,103.830679309,1.42364174742,Negative,37,339,10.914454277286136,0.181276401179941
204,103.830679309,1.43364174742,Negative,97,1040,9.326923076923077,0.18741240384615385
205,103.830679309,1.44364174742,Negative,35,299,11.705685618729095,0.0440190635451505
206,103.830679309,1.45364174742,Negative,10,116,8.620689655172415,0.17811379310344827
207,103.840679309,1.24364174742,Negative,38,579,6.563039723661486,0.25848359240069085
208,103.840679309,1.25364174742,Negative,14,107,13.084112149532707,0.1794663551401869
209,103.840679309,1.27364174742,Negative,304,3107,9.784357901512712,0.2441627293208883
210,103.840679309,1.28364174742,Negative,730,7160,10.195530726256983,0.2050554748603352
211,103.840679309,1.30364174742,Negative,854,8484,10.066006600660064,0.23426700848656296
212,103.840679309,1.32364174742,Negative,137,1412,9.702549575070822,0.21368484419263456
213,103.840679309,1.33364174742,Negative,20,406,4.926108374384237,0.11251330049261084
214,103.840679309,1.34364174742,Negative,16,184,8.695652173913043,0.2096228260869565
215,103.840679309,1.35364174742,Negative,59,626,9.424920127795527,0.31858226837060705
216,103.840679309,1.36364174742,Negative,48,469,10.23454157782516,0.13396119402985077
217,103.840679309,1.37364174742,Negative,74,819,9.035409035409035,0.2421144078144078
218,103.840679309,1.38364174742,Negative,22,184,11.956521739130435,0.1629679347826087
219,103.840679309,1.39364174742,Negative,3,34,8.823529411764707,0.13224705882352938
220,103.840679309,1.41364174742,Negative,25,427,5.85480093676815,0.15164918032786884
221,103.840679309,1.42364174742,Negative,72,859,8.381839348079161,0.19222165308498254
222,103.840679309,1.43364174742,Negative,98,1005,9.751243781094528,0.18159074626865673
223,103.840679309,1.44364174742,Negative,4,18,22.22222222222222,0.05361111111111113
224,103.840679309,1.46364174742,Negative,11,112,9.821428571428571,0.20529375
225,103.850679309,1.22364174742,Negative,13,166,7.83132530120482,0.24901686746987953
226,103.850679309,1.27364174742,Negative,165,2075,7.951807228915662,0.30473253012048196
227,103.850679309,1.28364174742,Negative,1069,13407,7.973446706944133,0.26881270977847393
228,103.850679309,1.30364174742,Negative,508,6455,7.869868319132456,0.2623253601859024
229,103.850679309,1.31364174742,Negative,75,1209,6.20347394540943,0.2802786600496278
230,103.850679309,1.32364174742,Negative,97,1093,8.874656907593778,0.19847758462946022
231,103.850679309,1.33364174742,Negative,155,1407,11.01634683724236,0.21126055437100213
232,103.850679309,1.34364174742,Negative,70,857,8.168028004667445,0.20259836639439907
233,103.850679309,1.35364174742,Negative,146,1673,8.726838015540944,0.3102433353257621
234,103.850679309,1.36364174742,Negative,36,751,4.793608521970706,0.21000785619174434
235,103.850679309,1.37364174742,Negative,96,988,9.7165991902834,0.18719757085020242
236,103.850679309,1.38364174742,Negative,16,227,7.048458149779736,0.32164801762114537
237,103.850679309,1.39364174742,Negative,2,46,4.3478260869565215,0.1454108695652174
238,103.850679309,1.42364174742,Negative,22,304,7.236842105263158,0.21166447368421054
239,103.850679309,1.43364174742,Negative,3,26,11.538461538461538,0.1422576923076923
240,103.860679309,1.22364174742,Negative,1,16,6.25,0.3169375
241,103.860679309,1.26364174742,Negative,51,483,10.559006211180124,0.23766935817805382
242,103.860679309,1.27364174742,Negative,7,116,6.0344827586206895,0.16697155172413794
243,103.860679309,1.28364174742,Negative,1005,13562,7.410411443739862,0.25497308656540335
244,103.860679309,1.30364174742,Negative,589,7278,8.09288266007145,0.24447460840890356
245,103.860679309,1.31364174742,Negative,203,2509,8.090872857712236,0.2607595057791949
246,103.860679309,1.32364174742,Negative,60,959,6.256517205422315,0.22213003128258602
247,103.860679309,1.33364174742,Negative,14,271,5.166051660516605,0.10597712177121771
248,103.860679309,1.34364174742,Negative,12,173,6.9364161849710975,0.17632890173410404
249,103.860679309,1.35364174742,Negative,13,208,6.25,0.23311634615384616
250,103.860679309,1.36364174742,Negative,24,359,6.685236768802229,0.21673621169916435
251,103.860679309,1.37364174742,Negative,16,256,6.25,0.2415625
252,103.860679309,1.39364174742,Negative,2,21,9.523809523809524,0.2421761904761905
253,103.860679309,1.40364174742,Negative,1,19,5.263157894736842,0.17514736842105263
254,103.860679309,1.42364174742,Negative,11,104,10.576923076923077,0.1491673076923077
255,103.870679309,1.28364174742,Negative,280,3400,8.235294117647058,0.22229376470588236
256,103.870679309,1.29364174742,Negative,24,357,6.722689075630252,0.25513501400560223
257,103.870679309,1.30364174742,Negative,333,3516,9.470989761092149,0.27430338452787256
258,103.870679309,1.31364174742,Negative,136,1031,13.191076624636274,0.10323220174587779
259,103.870679309,1.32364174742,Negative,76,775,9.806451612903226,0.1809083870967742
260,103.870679309,1.33364174742,Negative,36,598,6.020066889632108,0.2968914715719064
261,103.870679309,1.34364174742,Negative,14,241,5.809128630705394,0.20789751037344398
262,103.870679309,1.35364174742,Negative,843,4032,20.90773809523809,0.050541914682539685
263,103.870679309,1.36364174742,Negative,36,400,9.0,0.20047274999999998
264,103.870679309,1.37364174742,Negative,22,283,7.773851590106007,0.1488950530035336
265,103.870679309,1.39364174742,Negative,14,184,7.608695652173914,0.21817119565217394
266,103.870679309,1.40364174742,Negative,12,150,8.0,0.219788
267,103.870679309,1.41364174742,Negative,11,190,5.789473684210527,0.2309478947368421
268,103.880679309,1.29364174742,Negative,4,93,4.301075268817205,0.19438494623655914
269,103.880679309,1.30364174742,Negative,78,847,9.20897284533648,0.21475407319952775
270,103.880679309,1.31364174742,Negative,1227,3116,39.37740693196405,-0.021915853658536596
271,103.880679309,1.32364174742,Negative,27,376,7.180851063829788,0.20144468085106385
272,103.880679309,1.33364174742,Negative,29,309,9.385113268608414,0.16931294498381877
273,103.880679309,1.34364174742,Negative,15,418,3.588516746411483,0.2986700956937799
274,103.880679309,1.35364174742,Negative,24,555,4.324324324324325,0.16319135135135135
275,103.880679309,1.36364174742,Negative,29,318,9.119496855345911,0.12894150943396226
276,103.880679309,1.37364174742,Negative,76,832,9.134615384615383,0.21536081730769233
277,103.880679309,1.38364174742,Negative,23,293,7.849829351535837,0.1640703071672355
278,103.880679309,1.39364174742,Negative,29,499,5.811623246492986,0.15811402805611222
279,103.890679309,1.28364174742,Negative,29,175,16.57142857142857,0.21064628571428573
280,103.890679309,1.29364174742,Negative,11,99,11.11111111111111,0.16428484848484848
281,103.890679309,1.30364174742,Negative,44,501,8.78243512974052,0.10536067864271456
282,103.890679309,1.31364174742,Negative,145,1898,7.639620653319283,0.21072565858798734
283,103.890679309,1.32364174742,Negative,199,1566,12.707535121328226,0.12234750957854407
284,103.890679309,1.33364174742,Negative,82,837,9.79689366786141,0.2170278375149343
285,103.890679309,1.34364174742,Negative,1,28,3.571428571428571,0.332725
286,103.890679309,1.35364174742,Negative,26,480,5.416666666666667,0.27718000000000004
287,103.890679309,1.36364174742,Negative,69,435,15.862068965517242,0.07025448275862069
288,103.890679309,1.37364174742,Negative,87,991,8.779011099899092,0.14668143289606458
289,103.890679309,1.38364174742,Negative,25,421,5.938242280285035,0.12186532066508314
290,103.890679309,1.39364174742,Negative,58,648,8.950617283950617,0.17738703703703704
291,103.890679309,1.40364174742,Negative,8,85,9.411764705882351,0.13828235294117647
292,103.900679309,1.29364174742,Negative,10,161,6.211180124223603,0.2816149068322982
293,103.900679309,1.30364174742,Negative,122,1370,8.905109489051096,0.24600218978102192
294,103.900679309,1.31364174742,Negative,197,2681,7.348004475941813,0.20060548302872064
295,103.900679309,1.32364174742,Negative,47,469,10.021321961620467,0.23553582089552239
296,103.900679309,1.33364174742,Negative,25,432,5.787037037037037,0.19156967592592591
297,103.900679309,1.34364174742,Negative,42,227,18.50220264317181,0.19842907488986783
298,103.900679309,1.36364174742,Negative,8,60,13.333333333333334,0.19419
299,103.900679309,1.37364174742,Negative,30,632,4.746835443037975,0.11407658227848101
300,103.900679309,1.38364174742,Negative,174,956,18.200836820083683,0.2107407949790795
301,103.900679309,1.39364174742,Negative,62,662,9.365558912386708,0.1372738670694864
302,103.900679309,1.40364174742,Negative,83,1151,7.211120764552563,0.15295786272806255
303,103.900679309,1.41364174742,Negative,26,244,10.655737704918032,0.19014918032786884
304,103.910679309,1.29364174742,Negative,9,36,25.0,0.04364444444444445
305,103.910679309,1.30364174742,Negative,98,956,10.251046025104603,0.19964571129707112
306,103.910679309,1.31364174742,Negative,435,2116,20.55765595463138,0.11071465028355387
307,103.910679309,1.32364174742,Negative,47,524,8.969465648854962,0.12041049618320611
308,103.910679309,1.33364174742,Negative,78,653,11.944869831546708,0.20283062787136294
309,103.910679309,1.34364174742,Negative,14,300,4.666666666666667,0.22850133333333333
310,103.910679309,1.36364174742,Negative,11,69,15.942028985507244,0.20592608695652173
311,103.910679309,1.38364174742,Negative,8,22,36.36363636363637,-0.03782272727272728
312,103.910679309,1.39364174742,Negative,45,703,6.401137980085349,0.09251664295874822
313,103.910679309,1.40364174742,Negative,50,674,7.418397626112759,0.12339035608308604
314,103.910679309,1.41364174742,Negative,95,830,11.44578313253012,0.24751674698795179
315,103.910679309,1.42364174742,Negative,20,168,11.904761904761903,0.23345654761904763
316,103.920679309,1.30364174742,Negative,25,341,7.331378299120235,0.18090527859237535
317,103.920679309,1.31364174742,Negative,25,329,7.598784194528875,0.21969635258358663
318,103.920679309,1.32364174742,Negative,19,273,6.95970695970696,0.16574798534798535
319,103.920679309,1.33364174742,Negative,45,659,6.828528072837632,0.2253951441578149
320,103.920679309,1.34364174742,Negative,21,205,10.24390243902439,0.3027756097560976
321,103.920679309,1.35364174742,Negative,5,75,6.666666666666667,0.349016
322,103.920679309,1.39364174742,Negative,14,209,6.698564593301436,0.20875023923444974
323,103.920679309,1.40364174742,Negative,6,149,4.026845637583892,0.13660604026845635
324,103.920679309,1.41364174742,Negative,1,37,2.702702702702702,0.23076756756756756
325,103.930679309,1.30364174742,Negative,34,452,7.52212389380531,0.2116683628318584
326,103.930679309,1.31364174742,Negative,36,535,6.728971962616822,0.10792149532710281
327,103.930679309,1.32364174742,Negative,183,1724,10.614849187935036,0.17228816705336428
328,103.930679309,1.33364174742,Negative,39,406,9.60591133004926,0.09308817733990148
329,103.930679309,1.34364174742,Negative,40,341,11.730205278592376,0.24262727272727272
330,103.930679309,1.35364174742,Negative,30,427,7.02576112412178,0.18144192037470727
331,103.930679309,1.36364174742,Negative,6,95,6.315789473684211,0.28995263157894735
332,103.930679309,1.37364174742,Negative,40,294,13.60544217687075,0.15091496598639456
333,103.930679309,1.38364174742,Negative,2,31,6.451612903225806,0.09831612903225805
334,103.940679309,1.30364174742,Negative,11,98,11.224489795918368,0.07090306122448979
335,103.940679309,1.31364174742,Negative,18,305,5.901639344262295,0.20793868852459016
336,103.940679309,1.32364174742,Negative,55,492,11.178861788617883,0.14544430894308943
337,103.940679309,1.33364174742,Negative,35,362,9.668508287292818,0.12449116022099449
338,103.940679309,1.34364174742,Negative,29,397,7.304785894206549,0.20348362720403024
339,103.940679309,1.35364174742,Negative,143,1663,8.598917618761275,0.21162711966325917
340,103.940679309,1.36364174742,Negative,12,155,7.741935483870968,0.2723851612903226
341,103.940679309,1.37364174742,Negative,44,515,8.54368932038835,0.223293786407767
342,103.940679309,1.38364174742,Negative,20,336,5.952380952380952,0.3781517857142857
343,103.950679309,1.31364174742,Negative,4,67,5.970149253731343,0.15191940298507461
344,103.950679309,1.32364174742,Negative,40,543,7.366482504604052,0.17145303867403316
345,103.950679309,1.33364174742,Negative,64,468,13.675213675213676,0.12195021367521366
346,103.950679309,1.34364174742,Negative,98,836,11.722488038277511,0.18845215311004784
347,103.950679309,1.35364174742,Negative,105,868,12.096774193548388,0.16624032258064517
348,103.950679309,1.36364174742,Negative,24,276,8.695652173913043,0.14708949275362318
349,103.950679309,1.37364174742,Negative,145,1791,8.096035734226689,0.24757587939698494
350,103.950679309,1.38364174742,Negative,20,272,7.352941176470589,0.2212338235294118
351,103.960679309,1.31364174742,Negative,2,53,3.7735849056603774,0.20424716981132077
352,103.960679309,1.32364174742,Negative,2,52,3.8461538461538463,0.13791923076923077
353,103.960679309,1.33364174742,Negative,69,1171,5.892399658411613,0.2714895815542272
354,103.960679309,1.34364174742,Negative,28,603,4.643449419568822,0.23593880597014924
355,103.960679309,1.35364174742,Negative,46,684,6.725146198830409,0.21070672514619884
356,103.960679309,1.36364174742,Negative,19,264,7.196969696969697,0.24122386363636364
357,103.960679309,1.37364174742,Negative,31,391,7.928388746803069,0.1387150895140665
358,103.960679309,1.38364174742,Negative,7,82,8.536585365853659,0.24029878048780487
359,103.970679309,1.33364174742,Negative,7,40,17.5,0.15754
360,103.970679309,1.34364174742,Negative,1,22,4.545454545454546,0.14537272727272726
361,103.970679309,1.35364174742,Negative,12,70,17.142857142857142,0.06623
362,103.970679309,1.39364174742,Negative,1,41,2.4390243902439024,0.3647390243902439
363,103.970679309,1.40364174742,Negative,23,236,9.745762711864408,0.21876101694915254
364,103.980679309,1.31364174742,Negative,4,61,6.557377049180328,0.24628852459016393
365,103.980679309,1.33364174742,Negative,60,540,11.11111111111111,0.15502166666666664
366,103.980679309,1.34364174742,Negative,19,243,7.818930041152264,0.15903086419753087
367,103.980679309,1.35364174742,Negative,22,221,9.95475113122172,0.1214868778280543
368,103.980679309,1.38364174742,Negative,4,34,11.76470588235294,0.29306764705882354
369,103.980679309,1.39364174742,Negative,18,172,10.465116279069768,0.2578017441860465
370,103.990679309,1.31364174742,Negative,3,39,7.6923076923076925,0.21794102564102566
371,103.990679309,1.34364174742,Negative,1,16,6.25,0.07231875
372,103.990679309,1.35364174742,Negative,460,4465,10.3023516237402,0.19371449048152295
373,103.990679309,1.36364174742,Negative,431,6418,6.715487690869431,0.36087429105640384
374,103.990679309,1.38364174742,Negative,1,26,3.8461538461538463,0.29041153846153844
375,103.990679309,1.39364174742,Negative,28,371,7.547169811320755,0.19969110512129382
376,103.990679309,1.40364174742,Negative,5,42,11.904761904761903,0.18128095238095238
377,104.000679309,1.34364174742,Negative,9,84,10.714285714285714,0.1980761904761905
378,104.000679309,1.35364174742,Negative,7,103,6.796116504854369,0.2868495145631068
379,104.000679309,1.38364174742,Negative,28,312,8.974358974358974,0.21011923076923075
380,104.020679309,1.36364174742,Negative,10,146,6.849315068493151,0.2648513698630137
381,104.030679309,1.40364174742,Negative,15,78,19.230769230769237,0.06305
382,104.040679309,1.35364174742,Negative,3,26,11.538461538461538,0.3541846153846154
