,lon,lat,nltk_sentiment,count,total,%
0,103.6006793,1.233641747,Negative,1,5,20
1,103.6006793,1.233641747,Neutral,3,5,60
2,103.6006793,1.233641747,Positive,1,5,20
3,103.6006793,1.263641747,Neutral,1,1,100
4,103.6106793,1.243641747,Negative,2,36,5.555555556
5,103.6106793,1.243641747,Neutral,23,36,63.88888889
6,103.6106793,1.243641747,Positive,11,36,30.55555556
7,103.6106793,1.253641747,Negative,1,48,2.083333333
8,103.6106793,1.253641747,Neutral,37,48,77.08333333
9,103.6106793,1.253641747,Positive,10,48,20.83333333
10,103.6106793,1.273641747,Neutral,1,2,50
11,103.6106793,1.273641747,Positive,1,2,50
12,103.6206793,1.233641747,Neutral,1,1,100
13,103.6206793,1.263641747,Negative,1,8,12.5
14,103.6206793,1.263641747,Neutral,3,8,37.5
15,103.6206793,1.263641747,Positive,4,8,50
16,103.6206793,1.273641747,Neutral,6,11,54.54545455
17,103.6206793,1.273641747,Positive,5,11,45.45454545
18,103.6206793,1.283641747,Neutral,4,4,100
19,103.6206793,1.303641747,Neutral,2,2,100
20,103.6206793,1.313641747,Neutral,1,2,50
21,103.6206793,1.313641747,Positive,1,2,50
22,103.6306793,1.203641747,Neutral,1,1,100
23,103.6306793,1.223641747,Neutral,2,4,50
24,103.6306793,1.223641747,Positive,2,4,50
25,103.6306793,1.253641747,Neutral,1,1,100
26,103.6306793,1.263641747,Positive,1,1,100
27,103.6306793,1.273641747,Negative,1,31,3.225806452
28,103.6306793,1.273641747,Neutral,19,31,61.29032258
29,103.6306793,1.273641747,Positive,11,31,35.48387097
30,103.6306793,1.283641747,Neutral,2,3,66.66666667
31,103.6306793,1.283641747,Positive,1,3,33.33333333
32,103.6306793,1.293641747,Negative,3,19,15.78947368
33,103.6306793,1.293641747,Neutral,8,19,42.10526316
34,103.6306793,1.293641747,Positive,8,19,42.10526316
35,103.6306793,1.303641747,Negative,1,23,4.347826087
36,103.6306793,1.303641747,Neutral,8,23,34.7826087
37,103.6306793,1.303641747,Positive,14,23,60.86956522
38,103.6306793,1.313641747,Negative,3,32,9.375
39,103.6306793,1.313641747,Neutral,15,32,46.875
40,103.6306793,1.313641747,Positive,14,32,43.75
41,103.6306793,1.323641747,Negative,2,14,14.28571429
42,103.6306793,1.323641747,Neutral,12,14,85.71428571
43,103.6306793,1.333641747,Neutral,1,3,33.33333333
44,103.6306793,1.333641747,Positive,2,3,66.66666667
45,103.6306793,1.343641747,Negative,4,122,3.278688525
46,103.6306793,1.343641747,Neutral,81,122,66.39344262
47,103.6306793,1.343641747,Positive,37,122,30.32786885
48,103.6306793,1.353641747,Negative,5,40,12.5
49,103.6306793,1.353641747,Neutral,24,40,60
50,103.6306793,1.353641747,Positive,11,40,27.5
51,103.6406793,1.203641747,Negative,9,51,17.64705882
52,103.6406793,1.203641747,Neutral,20,51,39.21568627
53,103.6406793,1.203641747,Positive,22,51,43.1372549
54,103.6406793,1.243641747,Neutral,1,1,100
55,103.6406793,1.273641747,Negative,2,4,50
56,103.6406793,1.273641747,Neutral,1,4,25
57,103.6406793,1.273641747,Positive,1,4,25
58,103.6406793,1.283641747,Neutral,2,3,66.66666667
59,103.6406793,1.283641747,Positive,1,3,33.33333333
60,103.6406793,1.293641747,Neutral,2,3,66.66666667
61,103.6406793,1.293641747,Positive,1,3,33.33333333
62,103.6406793,1.303641747,Neutral,3,3,100
63,103.6406793,1.313641747,Negative,2,14,14.28571429
64,103.6406793,1.313641747,Neutral,9,14,64.28571429
65,103.6406793,1.313641747,Positive,3,14,21.42857143
66,103.6406793,1.323641747,Neutral,4,10,40
67,103.6406793,1.323641747,Positive,6,10,60
68,103.6406793,1.333641747,Neutral,7,10,70
69,103.6406793,1.333641747,Positive,3,10,30
70,103.6406793,1.343641747,Negative,6,80,7.5
71,103.6406793,1.343641747,Neutral,47,80,58.75
72,103.6406793,1.343641747,Positive,27,80,33.75
73,103.6406793,1.353641747,Neutral,2,4,50
74,103.6406793,1.353641747,Positive,2,4,50
75,103.6506793,1.223641747,Neutral,1,2,50
76,103.6506793,1.223641747,Positive,1,2,50
77,103.6506793,1.243641747,Neutral,1,1,100
78,103.6506793,1.293641747,Neutral,1,1,100
79,103.6506793,1.303641747,Negative,1,11,9.090909091
80,103.6506793,1.303641747,Neutral,6,11,54.54545455
81,103.6506793,1.303641747,Positive,4,11,36.36363636
82,103.6506793,1.313641747,Neutral,10,15,66.66666667
83,103.6506793,1.313641747,Positive,5,15,33.33333333
84,103.6506793,1.323641747,Negative,1,6,16.66666667
85,103.6506793,1.323641747,Neutral,3,6,50
86,103.6506793,1.323641747,Positive,2,6,33.33333333
87,103.6506793,1.333641747,Negative,2,18,11.11111111
88,103.6506793,1.333641747,Neutral,11,18,61.11111111
89,103.6506793,1.333641747,Positive,5,18,27.77777778
90,103.6506793,1.343641747,Positive,1,1,100
91,103.6606793,1.293641747,Neutral,2,6,33.33333333
92,103.6606793,1.293641747,Positive,4,6,66.66666667
93,103.6606793,1.303641747,Negative,1,11,9.090909091
94,103.6606793,1.303641747,Neutral,8,11,72.72727273
95,103.6606793,1.303641747,Positive,2,11,18.18181818
96,103.6606793,1.313641747,Neutral,3,6,50
97,103.6606793,1.313641747,Positive,3,6,50
98,103.6606793,1.323641747,Negative,7,57,12.28070175
99,103.6606793,1.323641747,Neutral,33,57,57.89473684
100,103.6606793,1.323641747,Positive,17,57,29.8245614
101,103.6606793,1.343641747,Neutral,1,1,100
102,103.6606793,1.413641747,Negative,37,611,6.055646481
103,103.6606793,1.413641747,Neutral,340,611,55.64648118
104,103.6606793,1.413641747,Positive,234,611,38.29787234
105,103.6706793,1.273641747,Neutral,1,3,33.33333333
106,103.6706793,1.273641747,Positive,2,3,66.66666667
107,103.6706793,1.283641747,Neutral,1,1,100
108,103.6706793,1.293641747,Negative,3,16,18.75
109,103.6706793,1.293641747,Neutral,6,16,37.5
110,103.6706793,1.293641747,Positive,7,16,43.75
111,103.6706793,1.303641747,Negative,3,12,25
112,103.6706793,1.303641747,Neutral,6,12,50
113,103.6706793,1.303641747,Positive,3,12,25
114,103.6706793,1.313641747,Neutral,1,5,20
115,103.6706793,1.313641747,Positive,4,5,80
116,103.6706793,1.323641747,Neutral,4,7,57.14285714
117,103.6706793,1.323641747,Positive,3,7,42.85714286
118,103.6706793,1.333641747,Negative,6,39,15.38461538
119,103.6706793,1.333641747,Neutral,11,39,28.20512821
120,103.6706793,1.333641747,Positive,22,39,56.41025641
121,103.6706793,1.343641747,Neutral,1,1,100
122,103.6806793,1.233641747,Neutral,2,2,100
123,103.6806793,1.263641747,Neutral,2,3,66.66666667
124,103.6806793,1.263641747,Positive,1,3,33.33333333
125,103.6806793,1.283641747,Neutral,1,1,100
126,103.6806793,1.293641747,Negative,10,111,9.009009009
127,103.6806793,1.293641747,Neutral,46,111,41.44144144
128,103.6806793,1.293641747,Positive,55,111,49.54954955
129,103.6806793,1.303641747,Neutral,7,11,63.63636364
130,103.6806793,1.303641747,Positive,4,11,36.36363636
131,103.6806793,1.313641747,Negative,1,9,11.11111111
132,103.6806793,1.313641747,Neutral,6,9,66.66666667
133,103.6806793,1.313641747,Positive,2,9,22.22222222
134,103.6806793,1.323641747,Negative,5,61,8.196721311
135,103.6806793,1.323641747,Neutral,39,61,63.93442623
136,103.6806793,1.323641747,Positive,17,61,27.86885246
137,103.6806793,1.333641747,Negative,8,86,9.302325581
138,103.6806793,1.333641747,Neutral,46,86,53.48837209
139,103.6806793,1.333641747,Positive,32,86,37.20930233
140,103.6806793,1.343641747,Negative,42,407,10.31941032
141,103.6806793,1.343641747,Neutral,142,407,34.88943489
142,103.6806793,1.343641747,Positive,223,407,54.79115479
143,103.6806793,1.353641747,Negative,6,76,7.894736842
144,103.6806793,1.353641747,Neutral,32,76,42.10526316
145,103.6806793,1.353641747,Positive,38,76,50
146,103.6806793,1.373641747,Neutral,1,1,100
147,103.6906793,1.253641747,Negative,1,1,100
148,103.6906793,1.263641747,Neutral,4,5,80
149,103.6906793,1.263641747,Positive,1,5,20
150,103.6906793,1.273641747,Neutral,1,1,100
151,103.6906793,1.283641747,Neutral,1,1,100
152,103.6906793,1.313641747,Neutral,8,9,88.88888889
153,103.6906793,1.313641747,Positive,1,9,11.11111111
154,103.6906793,1.323641747,Negative,2,26,7.692307692
155,103.6906793,1.323641747,Neutral,17,26,65.38461538
156,103.6906793,1.323641747,Positive,7,26,26.92307692
157,103.6906793,1.333641747,Negative,7,50,14
158,103.6906793,1.333641747,Neutral,25,50,50
159,103.6906793,1.333641747,Positive,18,50,36
160,103.6906793,1.343641747,Negative,15,212,7.075471698
161,103.6906793,1.343641747,Neutral,126,212,59.43396226
162,103.6906793,1.343641747,Positive,71,212,33.49056604
163,103.6906793,1.353641747,Negative,6,60,10
164,103.6906793,1.353641747,Neutral,35,60,58.33333333
165,103.6906793,1.353641747,Positive,19,60,31.66666667
166,103.6906793,1.363641747,Negative,4,30,13.33333333
167,103.6906793,1.363641747,Neutral,5,30,16.66666667
168,103.6906793,1.363641747,Positive,21,30,70
169,103.6906793,1.373641747,Negative,5,25,20
170,103.6906793,1.373641747,Neutral,14,25,56
171,103.6906793,1.373641747,Positive,6,25,24
172,103.6906793,1.383641747,Negative,2,19,10.52631579
173,103.6906793,1.383641747,Neutral,8,19,42.10526316
174,103.6906793,1.383641747,Positive,9,19,47.36842105
175,103.6906793,1.393641747,Negative,1,2,50
176,103.6906793,1.393641747,Positive,1,2,50
177,103.6906793,1.413641747,Positive,1,1,100
178,103.6906793,1.423641747,Neutral,2,3,66.66666667
179,103.6906793,1.423641747,Positive,1,3,33.33333333
180,103.6906793,1.433641747,Positive,1,1,100
181,103.7006793,1.263641747,Negative,1,19,5.263157895
182,103.7006793,1.263641747,Neutral,9,19,47.36842105
183,103.7006793,1.263641747,Positive,9,19,47.36842105
184,103.7006793,1.273641747,Negative,1,4,25
185,103.7006793,1.273641747,Neutral,1,4,25
186,103.7006793,1.273641747,Positive,2,4,50
187,103.7006793,1.313641747,Negative,1,38,2.631578947
188,103.7006793,1.313641747,Neutral,22,38,57.89473684
189,103.7006793,1.313641747,Positive,15,38,39.47368421
190,103.7006793,1.323641747,Negative,1,25,4
191,103.7006793,1.323641747,Neutral,21,25,84
192,103.7006793,1.323641747,Positive,3,25,12
193,103.7006793,1.333641747,Negative,11,172,6.395348837
194,103.7006793,1.333641747,Neutral,117,172,68.02325581
195,103.7006793,1.333641747,Positive,44,172,25.58139535
196,103.7006793,1.343641747,Negative,61,545,11.19266055
197,103.7006793,1.343641747,Neutral,304,545,55.77981651
198,103.7006793,1.343641747,Positive,180,545,33.02752294
199,103.7006793,1.353641747,Negative,24,333,7.207207207
200,103.7006793,1.353641747,Neutral,249,333,74.77477477
201,103.7006793,1.353641747,Positive,60,333,18.01801802
202,103.7006793,1.363641747,Neutral,1,1,100
203,103.7006793,1.373641747,Positive,1,1,100
204,103.7006793,1.383641747,Neutral,1,3,33.33333333
205,103.7006793,1.383641747,Positive,2,3,66.66666667
206,103.7006793,1.403641747,Negative,1,2,50
207,103.7006793,1.403641747,Neutral,1,2,50
208,103.7006793,1.423641747,Negative,7,24,29.16666667
209,103.7006793,1.423641747,Neutral,7,24,29.16666667
210,103.7006793,1.423641747,Positive,10,24,41.66666667
211,103.7006793,1.433641747,Negative,1,9,11.11111111
212,103.7006793,1.433641747,Neutral,2,9,22.22222222
213,103.7006793,1.433641747,Positive,6,9,66.66666667
214,103.7006793,1.443641747,Neutral,2,5,40
215,103.7006793,1.443641747,Positive,3,5,60
216,103.7006793,1.453641747,Neutral,3,4,75
217,103.7006793,1.453641747,Positive,1,4,25
218,103.7106793,1.183641747,Positive,1,1,100
219,103.7106793,1.223641747,Neutral,2,2,100
220,103.7106793,1.273641747,Negative,2,8,25
221,103.7106793,1.273641747,Neutral,3,8,37.5
222,103.7106793,1.273641747,Positive,3,8,37.5
223,103.7106793,1.293641747,Positive,1,1,100
224,103.7106793,1.313641747,Negative,13,160,8.125
225,103.7106793,1.313641747,Neutral,78,160,48.75
226,103.7106793,1.313641747,Positive,69,160,43.125
227,103.7106793,1.323641747,Negative,2,58,3.448275862
228,103.7106793,1.323641747,Neutral,35,58,60.34482759
229,103.7106793,1.323641747,Positive,21,58,36.20689655
230,103.7106793,1.333641747,Negative,14,119,11.76470588
231,103.7106793,1.333641747,Neutral,70,119,58.82352941
232,103.7106793,1.333641747,Positive,35,119,29.41176471
233,103.7106793,1.343641747,Negative,83,843,9.845788849
234,103.7106793,1.343641747,Neutral,473,843,56.10913405
235,103.7106793,1.343641747,Positive,287,843,34.04507711
236,103.7106793,1.363641747,Negative,1,2,50
237,103.7106793,1.363641747,Neutral,1,2,50
238,103.7106793,1.373641747,Negative,1,10,10
239,103.7106793,1.373641747,Neutral,5,10,50
240,103.7106793,1.373641747,Positive,4,10,40
241,103.7106793,1.383641747,Neutral,2,2,100
242,103.7106793,1.423641747,Negative,1,4,25
243,103.7106793,1.423641747,Neutral,2,4,50
244,103.7106793,1.423641747,Positive,1,4,25
245,103.7106793,1.433641747,Negative,3,29,10.34482759
246,103.7106793,1.433641747,Neutral,16,29,55.17241379
247,103.7106793,1.433641747,Positive,10,29,34.48275862
248,103.7106793,1.443641747,Negative,1,9,11.11111111
249,103.7106793,1.443641747,Neutral,7,9,77.77777778
250,103.7106793,1.443641747,Positive,1,9,11.11111111
251,103.7206793,1.263641747,Positive,1,1,100
252,103.7206793,1.283641747,Neutral,1,3,33.33333333
253,103.7206793,1.283641747,Positive,2,3,66.66666667
254,103.7206793,1.293641747,Neutral,1,1,100
255,103.7206793,1.303641747,Positive,1,1,100
256,103.7206793,1.313641747,Negative,4,44,9.090909091
257,103.7206793,1.313641747,Neutral,17,44,38.63636364
258,103.7206793,1.313641747,Positive,23,44,52.27272727
259,103.7206793,1.323641747,Negative,6,90,6.666666667
260,103.7206793,1.323641747,Neutral,45,90,50
261,103.7206793,1.323641747,Positive,39,90,43.33333333
262,103.7206793,1.333641747,Negative,42,534,7.865168539
263,103.7206793,1.333641747,Neutral,250,534,46.8164794
264,103.7206793,1.333641747,Positive,242,534,45.31835206
265,103.7206793,1.343641747,Negative,29,459,6.318082789
266,103.7206793,1.343641747,Neutral,300,459,65.35947712
267,103.7206793,1.343641747,Positive,130,459,28.32244009
268,103.7206793,1.353641747,Negative,30,528,5.681818182
269,103.7206793,1.353641747,Neutral,290,528,54.92424242
270,103.7206793,1.353641747,Positive,208,528,39.39393939
271,103.7206793,1.373641747,Negative,5,75,6.666666667
272,103.7206793,1.373641747,Neutral,34,75,45.33333333
273,103.7206793,1.373641747,Positive,36,75,48
274,103.7206793,1.383641747,Neutral,4,9,44.44444444
275,103.7206793,1.383641747,Positive,5,9,55.55555556
276,103.7206793,1.413641747,Negative,6,29,20.68965517
277,103.7206793,1.413641747,Neutral,13,29,44.82758621
278,103.7206793,1.413641747,Positive,10,29,34.48275862
279,103.7206793,1.423641747,Negative,3,31,9.677419355
280,103.7206793,1.423641747,Neutral,20,31,64.51612903
281,103.7206793,1.423641747,Positive,8,31,25.80645161
282,103.7206793,1.453641747,Neutral,1,1,100
283,103.7306793,1.163641747,Neutral,8,14,57.14285714
284,103.7306793,1.163641747,Positive,6,14,42.85714286
285,103.7306793,1.213641747,Neutral,1,1,100
286,103.7306793,1.273641747,Neutral,1,3,33.33333333
287,103.7306793,1.273641747,Positive,2,3,66.66666667
288,103.7306793,1.283641747,Neutral,2,2,100
289,103.7306793,1.303641747,Negative,3,11,27.27272727
290,103.7306793,1.303641747,Neutral,5,11,45.45454545
291,103.7306793,1.303641747,Positive,3,11,27.27272727
292,103.7306793,1.313641747,Negative,3,35,8.571428571
293,103.7306793,1.313641747,Neutral,14,35,40
294,103.7306793,1.313641747,Positive,18,35,51.42857143
295,103.7306793,1.323641747,Neutral,8,17,47.05882353
296,103.7306793,1.323641747,Positive,9,17,52.94117647
297,103.7306793,1.333641747,Negative,16,251,6.374501992
298,103.7306793,1.333641747,Neutral,136,251,54.18326693
299,103.7306793,1.333641747,Positive,99,251,39.44223108
300,103.7306793,1.343641747,Negative,59,694,8.501440922
301,103.7306793,1.343641747,Neutral,351,694,50.57636888
302,103.7306793,1.343641747,Positive,284,694,40.9221902
303,103.7306793,1.353641747,Negative,9,87,10.34482759
304,103.7306793,1.353641747,Neutral,54,87,62.06896552
305,103.7306793,1.353641747,Positive,24,87,27.5862069
306,103.7306793,1.363641747,Negative,1,7,14.28571429
307,103.7306793,1.363641747,Neutral,4,7,57.14285714
308,103.7306793,1.363641747,Positive,2,7,28.57142857
309,103.7306793,1.373641747,Negative,1,14,7.142857143
310,103.7306793,1.373641747,Neutral,6,14,42.85714286
311,103.7306793,1.373641747,Positive,7,14,50
312,103.7306793,1.383641747,Negative,2,22,9.090909091
313,103.7306793,1.383641747,Neutral,13,22,59.09090909
314,103.7306793,1.383641747,Positive,7,22,31.81818182
315,103.7306793,1.393641747,Neutral,4,5,80
316,103.7306793,1.393641747,Positive,1,5,20
317,103.7306793,1.423641747,Negative,1,17,5.882352941
318,103.7306793,1.423641747,Neutral,9,17,52.94117647
319,103.7306793,1.423641747,Positive,7,17,41.17647059
320,103.7306793,1.443641747,Negative,28,264,10.60606061
321,103.7306793,1.443641747,Neutral,122,264,46.21212121
322,103.7306793,1.443641747,Positive,114,264,43.18181818
323,103.7406793,1.163641747,Neutral,2,8,25
324,103.7406793,1.163641747,Positive,6,8,75
325,103.7406793,1.193641747,Neutral,1,1,100
326,103.7406793,1.223641747,Neutral,1,1,100
327,103.7406793,1.273641747,Neutral,1,1,100
328,103.7406793,1.283641747,Neutral,1,1,100
329,103.7406793,1.303641747,Negative,1,15,6.666666667
330,103.7406793,1.303641747,Neutral,11,15,73.33333333
331,103.7406793,1.303641747,Positive,3,15,20
332,103.7406793,1.313641747,Negative,1,30,3.333333333
333,103.7406793,1.313641747,Neutral,20,30,66.66666667
334,103.7406793,1.313641747,Positive,9,30,30
335,103.7406793,1.323641747,Negative,16,140,11.42857143
336,103.7406793,1.323641747,Neutral,75,140,53.57142857
337,103.7406793,1.323641747,Positive,49,140,35
338,103.7406793,1.333641747,Negative,265,2830,9.363957597
339,103.7406793,1.333641747,Neutral,1350,2830,47.70318021
340,103.7406793,1.333641747,Positive,1215,2830,42.93286219
341,103.7406793,1.343641747,Negative,28,272,10.29411765
342,103.7406793,1.343641747,Neutral,168,272,61.76470588
343,103.7406793,1.343641747,Positive,76,272,27.94117647
344,103.7406793,1.353641747,Negative,15,296,5.067567568
345,103.7406793,1.353641747,Neutral,208,296,70.27027027
346,103.7406793,1.353641747,Positive,73,296,24.66216216
347,103.7406793,1.363641747,Negative,5,72,6.944444444
348,103.7406793,1.363641747,Neutral,45,72,62.5
349,103.7406793,1.363641747,Positive,22,72,30.55555556
350,103.7406793,1.373641747,Negative,27,246,10.97560976
351,103.7406793,1.373641747,Neutral,149,246,60.56910569
352,103.7406793,1.373641747,Positive,70,246,28.45528455
353,103.7406793,1.383641747,Negative,36,480,7.5
354,103.7406793,1.383641747,Neutral,306,480,63.75
355,103.7406793,1.383641747,Positive,138,480,28.75
356,103.7406793,1.393641747,Negative,9,210,4.285714286
357,103.7406793,1.393641747,Neutral,159,210,75.71428571
358,103.7406793,1.393641747,Positive,42,210,20
359,103.7406793,1.403641747,Negative,6,87,6.896551724
360,103.7406793,1.403641747,Neutral,50,87,57.47126437
361,103.7406793,1.403641747,Positive,31,87,35.63218391
362,103.7406793,1.413641747,Neutral,5,8,62.5
363,103.7406793,1.413641747,Positive,3,8,37.5
364,103.7406793,1.423641747,Neutral,4,6,66.66666667
365,103.7406793,1.423641747,Positive,2,6,33.33333333
366,103.7406793,1.433641747,Negative,2,8,25
367,103.7406793,1.433641747,Neutral,2,8,25
368,103.7406793,1.433641747,Positive,4,8,50
369,103.7406793,1.443641747,Negative,2,8,25
370,103.7406793,1.443641747,Neutral,6,8,75
371,103.7506793,1.223641747,Negative,6,53,11.32075472
372,103.7506793,1.223641747,Neutral,19,53,35.8490566
373,103.7506793,1.223641747,Positive,28,53,52.83018868
374,103.7506793,1.233641747,Neutral,1,2,50
375,103.7506793,1.233641747,Positive,1,2,50
376,103.7506793,1.283641747,Neutral,4,4,100
377,103.7506793,1.293641747,Neutral,6,9,66.66666667
378,103.7506793,1.293641747,Positive,3,9,33.33333333
379,103.7506793,1.303641747,Negative,2,31,6.451612903
380,103.7506793,1.303641747,Neutral,18,31,58.06451613
381,103.7506793,1.303641747,Positive,11,31,35.48387097
382,103.7506793,1.313641747,Negative,28,133,21.05263158
383,103.7506793,1.313641747,Neutral,51,133,38.34586466
384,103.7506793,1.313641747,Positive,54,133,40.60150376
385,103.7506793,1.323641747,Negative,18,287,6.271777003
386,103.7506793,1.323641747,Neutral,152,287,52.96167247
387,103.7506793,1.323641747,Positive,117,287,40.76655052
388,103.7506793,1.333641747,Negative,50,387,12.91989664
389,103.7506793,1.333641747,Neutral,214,387,55.29715762
390,103.7506793,1.333641747,Positive,123,387,31.78294574
391,103.7506793,1.343641747,Negative,17,234,7.264957265
392,103.7506793,1.343641747,Neutral,136,234,58.11965812
393,103.7506793,1.343641747,Positive,81,234,34.61538462
394,103.7506793,1.353641747,Negative,51,554,9.205776173
395,103.7506793,1.353641747,Neutral,349,554,62.99638989
396,103.7506793,1.353641747,Positive,154,554,27.79783394
397,103.7506793,1.363641747,Negative,23,254,9.05511811
398,103.7506793,1.363641747,Neutral,159,254,62.5984252
399,103.7506793,1.363641747,Positive,72,254,28.34645669
400,103.7506793,1.373641747,Negative,30,269,11.15241636
401,103.7506793,1.373641747,Neutral,127,269,47.21189591
402,103.7506793,1.373641747,Positive,112,269,41.63568773
403,103.7506793,1.383641747,Negative,96,931,10.31149302
404,103.7506793,1.383641747,Neutral,426,931,45.75725027
405,103.7506793,1.383641747,Positive,409,931,43.93125671
406,103.7506793,1.393641747,Negative,40,510,7.843137255
407,103.7506793,1.393641747,Neutral,327,510,64.11764706
408,103.7506793,1.393641747,Positive,143,510,28.03921569
409,103.7506793,1.403641747,Negative,6,159,3.773584906
410,103.7506793,1.403641747,Neutral,94,159,59.11949686
411,103.7506793,1.403641747,Positive,59,159,37.10691824
412,103.7506793,1.413641747,Negative,3,42,7.142857143
413,103.7506793,1.413641747,Neutral,8,42,19.04761905
414,103.7506793,1.413641747,Positive,31,42,73.80952381
415,103.7506793,1.423641747,Neutral,2,3,66.66666667
416,103.7506793,1.423641747,Positive,1,3,33.33333333
417,103.7506793,1.433641747,Negative,6,78,7.692307692
418,103.7506793,1.433641747,Neutral,33,78,42.30769231
419,103.7506793,1.433641747,Positive,39,78,50
420,103.7506793,1.443641747,Negative,1,5,20
421,103.7506793,1.443641747,Neutral,3,5,60
422,103.7506793,1.443641747,Positive,1,5,20
423,103.7506793,1.453641747,Negative,5,116,4.310344828
424,103.7506793,1.453641747,Neutral,68,116,58.62068966
425,103.7506793,1.453641747,Positive,43,116,37.06896552
426,103.7606793,1.233641747,Positive,1,1,100
427,103.7606793,1.283641747,Neutral,3,5,60
428,103.7606793,1.283641747,Positive,2,5,40
429,103.7606793,1.293641747,Negative,17,164,10.36585366
430,103.7606793,1.293641747,Neutral,76,164,46.34146341
431,103.7606793,1.293641747,Positive,71,164,43.29268293
432,103.7606793,1.303641747,Negative,13,179,7.262569832
433,103.7606793,1.303641747,Neutral,107,179,59.77653631
434,103.7606793,1.303641747,Positive,59,179,32.96089385
435,103.7606793,1.313641747,Negative,240,1826,13.14348302
436,103.7606793,1.313641747,Neutral,874,1826,47.86418401
437,103.7606793,1.313641747,Positive,712,1826,38.99233297
438,103.7606793,1.323641747,Negative,66,545,12.11009174
439,103.7606793,1.323641747,Neutral,204,545,37.43119266
440,103.7606793,1.323641747,Positive,275,545,50.4587156
441,103.7606793,1.333641747,Negative,3,48,6.25
442,103.7606793,1.333641747,Neutral,27,48,56.25
443,103.7606793,1.333641747,Positive,18,48,37.5
444,103.7606793,1.343641747,Negative,17,228,7.456140351
445,103.7606793,1.343641747,Neutral,144,228,63.15789474
446,103.7606793,1.343641747,Positive,67,228,29.38596491
447,103.7606793,1.353641747,Negative,33,404,8.168316832
448,103.7606793,1.353641747,Neutral,246,404,60.89108911
449,103.7606793,1.353641747,Positive,125,404,30.94059406
450,103.7606793,1.363641747,Negative,9,111,8.108108108
451,103.7606793,1.363641747,Neutral,57,111,51.35135135
452,103.7606793,1.363641747,Positive,45,111,40.54054054
453,103.7606793,1.373641747,Negative,427,2665,16.02251407
454,103.7606793,1.373641747,Neutral,1088,2665,40.82551595
455,103.7606793,1.373641747,Positive,1150,2665,43.15196998
456,103.7606793,1.383641747,Negative,41,500,8.2
457,103.7606793,1.383641747,Neutral,308,500,61.6
458,103.7606793,1.383641747,Positive,151,500,30.2
459,103.7606793,1.393641747,Neutral,4,4,100
460,103.7606793,1.403641747,Negative,9,52,17.30769231
461,103.7606793,1.403641747,Neutral,23,52,44.23076923
462,103.7606793,1.403641747,Positive,20,52,38.46153846
463,103.7606793,1.413641747,Negative,1,11,9.090909091
464,103.7606793,1.413641747,Neutral,6,11,54.54545455
465,103.7606793,1.413641747,Positive,4,11,36.36363636
466,103.7606793,1.423641747,Negative,78,1010,7.722772277
467,103.7606793,1.423641747,Neutral,260,1010,25.74257426
468,103.7606793,1.423641747,Positive,672,1010,66.53465347
469,103.7606793,1.433641747,Negative,6,51,11.76470588
470,103.7606793,1.433641747,Neutral,26,51,50.98039216
471,103.7606793,1.433641747,Positive,19,51,37.25490196
472,103.7606793,1.453641747,Negative,49,657,7.458143075
473,103.7606793,1.453641747,Neutral,408,657,62.10045662
474,103.7606793,1.453641747,Positive,200,657,30.4414003
475,103.7706793,1.213641747,Neutral,3,5,60
476,103.7706793,1.213641747,Positive,2,5,40
477,103.7706793,1.223641747,Neutral,1,1,100
478,103.7706793,1.233641747,Neutral,1,1,100
479,103.7706793,1.243641747,Negative,1,1,100
480,103.7706793,1.273641747,Negative,1,4,25
481,103.7706793,1.273641747,Neutral,1,4,25
482,103.7706793,1.273641747,Positive,2,4,50
483,103.7706793,1.283641747,Negative,1,8,12.5
484,103.7706793,1.283641747,Neutral,4,8,50
485,103.7706793,1.283641747,Positive,3,8,37.5
486,103.7706793,1.293641747,Negative,30,393,7.633587786
487,103.7706793,1.293641747,Neutral,179,393,45.54707379
488,103.7706793,1.293641747,Positive,184,393,46.81933842
489,103.7706793,1.303641747,Negative,48,537,8.938547486
490,103.7706793,1.303641747,Neutral,189,537,35.19553073
491,103.7706793,1.303641747,Positive,300,537,55.86592179
492,103.7706793,1.313641747,Negative,22,266,8.270676692
493,103.7706793,1.313641747,Neutral,165,266,62.03007519
494,103.7706793,1.313641747,Positive,79,266,29.69924812
495,103.7706793,1.323641747,Negative,27,368,7.336956522
496,103.7706793,1.323641747,Neutral,231,368,62.77173913
497,103.7706793,1.323641747,Positive,110,368,29.89130435
498,103.7706793,1.333641747,Negative,21,207,10.14492754
499,103.7706793,1.333641747,Neutral,69,207,33.33333333
500,103.7706793,1.333641747,Positive,117,207,56.52173913
501,103.7706793,1.343641747,Negative,35,453,7.726269316
502,103.7706793,1.343641747,Neutral,253,453,55.84988962
503,103.7706793,1.343641747,Positive,165,453,36.42384106
504,103.7706793,1.353641747,Negative,25,240,10.41666667
505,103.7706793,1.353641747,Neutral,148,240,61.66666667
506,103.7706793,1.353641747,Positive,67,240,27.91666667
507,103.7706793,1.363641747,Negative,100,338,29.58579882
508,103.7706793,1.363641747,Neutral,110,338,32.5443787
509,103.7706793,1.363641747,Positive,128,338,37.86982249
510,103.7706793,1.373641747,Negative,24,250,9.6
511,103.7706793,1.373641747,Neutral,144,250,57.6
512,103.7706793,1.373641747,Positive,82,250,32.8
513,103.7706793,1.383641747,Negative,50,594,8.417508418
514,103.7706793,1.383641747,Neutral,379,594,63.8047138
515,103.7706793,1.383641747,Positive,165,594,27.77777778
516,103.7706793,1.393641747,Negative,20,131,15.26717557
517,103.7706793,1.393641747,Neutral,52,131,39.69465649
518,103.7706793,1.393641747,Positive,59,131,45.03816794
519,103.7706793,1.403641747,Negative,1,3,33.33333333
520,103.7706793,1.403641747,Neutral,1,3,33.33333333
521,103.7706793,1.403641747,Positive,1,3,33.33333333
522,103.7706793,1.413641747,Negative,2,14,14.28571429
523,103.7706793,1.413641747,Neutral,3,14,21.42857143
524,103.7706793,1.413641747,Positive,9,14,64.28571429
525,103.7706793,1.423641747,Negative,21,231,9.090909091
526,103.7706793,1.423641747,Neutral,79,231,34.1991342
527,103.7706793,1.423641747,Positive,131,231,56.70995671
528,103.7706793,1.433641747,Negative,19,185,10.27027027
529,103.7706793,1.433641747,Neutral,110,185,59.45945946
530,103.7706793,1.433641747,Positive,56,185,30.27027027
531,103.7706793,1.443641747,Negative,60,720,8.333333333
532,103.7706793,1.443641747,Neutral,356,720,49.44444444
533,103.7706793,1.443641747,Positive,304,720,42.22222222
534,103.7706793,1.453641747,Negative,10,96,10.41666667
535,103.7706793,1.453641747,Neutral,59,96,61.45833333
536,103.7706793,1.453641747,Positive,27,96,28.125
537,103.7806793,1.223641747,Neutral,4,5,80
538,103.7806793,1.223641747,Positive,1,5,20
539,103.7806793,1.283641747,Negative,45,253,17.78656126
540,103.7806793,1.283641747,Neutral,108,253,42.68774704
541,103.7806793,1.283641747,Positive,100,253,39.5256917
542,103.7806793,1.293641747,Negative,97,823,11.78614824
543,103.7806793,1.293641747,Neutral,368,823,44.7144593
544,103.7806793,1.293641747,Positive,358,823,43.49939247
545,103.7806793,1.303641747,Negative,106,2056,5.155642023
546,103.7806793,1.303641747,Neutral,1236,2056,60.11673152
547,103.7806793,1.303641747,Positive,714,2056,34.72762646
548,103.7806793,1.313641747,Negative,42,442,9.502262443
549,103.7806793,1.313641747,Neutral,226,442,51.13122172
550,103.7806793,1.313641747,Positive,174,442,39.36651584
551,103.7806793,1.323641747,Negative,7,100,7
552,103.7806793,1.323641747,Neutral,52,100,52
553,103.7806793,1.323641747,Positive,41,100,41
554,103.7806793,1.333641747,Negative,67,908,7.378854626
555,103.7806793,1.333641747,Neutral,410,908,45.15418502
556,103.7806793,1.333641747,Positive,431,908,47.46696035
557,103.7806793,1.343641747,Negative,32,611,5.237315876
558,103.7806793,1.343641747,Neutral,191,611,31.26022913
559,103.7806793,1.343641747,Positive,388,611,63.50245499
560,103.7806793,1.353641747,Negative,11,123,8.943089431
561,103.7806793,1.353641747,Neutral,63,123,51.2195122
562,103.7806793,1.353641747,Positive,49,123,39.83739837
563,103.7806793,1.363641747,Negative,1,40,2.5
564,103.7806793,1.363641747,Neutral,19,40,47.5
565,103.7806793,1.363641747,Positive,20,40,50
566,103.7806793,1.373641747,Negative,40,338,11.83431953
567,103.7806793,1.373641747,Neutral,194,338,57.3964497
568,103.7806793,1.373641747,Positive,104,338,30.76923077
569,103.7806793,1.413641747,Negative,1,14,7.142857143
570,103.7806793,1.413641747,Neutral,8,14,57.14285714
571,103.7806793,1.413641747,Positive,5,14,35.71428571
572,103.7806793,1.423641747,Negative,4,80,5
573,103.7806793,1.423641747,Neutral,66,80,82.5
574,103.7806793,1.423641747,Positive,10,80,12.5
575,103.7806793,1.433641747,Negative,67,637,10.51805338
576,103.7806793,1.433641747,Neutral,402,637,63.10832025
577,103.7806793,1.433641747,Positive,168,637,26.37362637
578,103.7806793,1.443641747,Negative,337,2502,13.46922462
579,103.7806793,1.443641747,Neutral,1115,2502,44.56434852
580,103.7806793,1.443641747,Positive,1050,2502,41.96642686
581,103.7806793,1.453641747,Negative,21,172,12.20930233
582,103.7806793,1.453641747,Neutral,88,172,51.1627907
583,103.7806793,1.453641747,Positive,63,172,36.62790698
584,103.7806793,1.463641747,Negative,2,63,3.174603175
585,103.7806793,1.463641747,Neutral,41,63,65.07936508
586,103.7806793,1.463641747,Positive,20,63,31.74603175
587,103.7906793,1.213641747,Positive,2,2,100
588,103.7906793,1.263641747,Negative,1,8,12.5
589,103.7906793,1.263641747,Neutral,1,8,12.5
590,103.7906793,1.263641747,Positive,6,8,75
591,103.7906793,1.273641747,Negative,8,145,5.517241379
592,103.7906793,1.273641747,Neutral,76,145,52.4137931
593,103.7906793,1.273641747,Positive,61,145,42.06896552
594,103.7906793,1.283641747,Negative,32,309,10.35598706
595,103.7906793,1.283641747,Neutral,177,309,57.2815534
596,103.7906793,1.283641747,Positive,100,309,32.36245955
597,103.7906793,1.293641747,Negative,52,708,7.344632768
598,103.7906793,1.293641747,Neutral,302,708,42.65536723
599,103.7906793,1.293641747,Positive,354,708,50
600,103.7906793,1.303641747,Negative,241,4419,5.453722562
601,103.7906793,1.303641747,Neutral,2179,4419,49.3097986
602,103.7906793,1.303641747,Positive,1999,4419,45.23647884
603,103.7906793,1.313641747,Negative,63,1184,5.320945946
604,103.7906793,1.313641747,Neutral,736,1184,62.16216216
605,103.7906793,1.313641747,Positive,385,1184,32.51689189
606,103.7906793,1.323641747,Negative,1,51,1.960784314
607,103.7906793,1.323641747,Neutral,35,51,68.62745098
608,103.7906793,1.323641747,Positive,15,51,29.41176471
609,103.7906793,1.333641747,Negative,48,489,9.81595092
610,103.7906793,1.333641747,Neutral,227,489,46.42126789
611,103.7906793,1.333641747,Positive,214,489,43.76278119
612,103.7906793,1.343641747,Negative,13,166,7.831325301
613,103.7906793,1.343641747,Neutral,55,166,33.13253012
614,103.7906793,1.343641747,Positive,98,166,59.03614458
615,103.7906793,1.353641747,Negative,1,16,6.25
616,103.7906793,1.353641747,Neutral,11,16,68.75
617,103.7906793,1.353641747,Positive,4,16,25
618,103.7906793,1.413641747,Negative,2,10,20
619,103.7906793,1.413641747,Neutral,6,10,60
620,103.7906793,1.413641747,Positive,2,10,20
621,103.7906793,1.423641747,Negative,12,90,13.33333333
622,103.7906793,1.423641747,Neutral,40,90,44.44444444
623,103.7906793,1.423641747,Positive,38,90,42.22222222
624,103.7906793,1.433641747,Negative,86,866,9.930715935
625,103.7906793,1.433641747,Neutral,480,866,55.42725173
626,103.7906793,1.433641747,Positive,300,866,34.64203233
627,103.7906793,1.443641747,Negative,67,707,9.476661952
628,103.7906793,1.443641747,Neutral,385,707,54.45544554
629,103.7906793,1.443641747,Positive,255,707,36.0678925
630,103.7906793,1.453641747,Negative,11,121,9.090909091
631,103.7906793,1.453641747,Neutral,47,121,38.84297521
632,103.7906793,1.453641747,Positive,63,121,52.0661157
633,103.7906793,1.463641747,Neutral,2,3,66.66666667
634,103.7906793,1.463641747,Positive,1,3,33.33333333
635,103.8006793,1.203641747,Negative,1,3,33.33333333
636,103.8006793,1.203641747,Neutral,1,3,33.33333333
637,103.8006793,1.203641747,Positive,1,3,33.33333333
638,103.8006793,1.253641747,Positive,1,1,100
639,103.8006793,1.263641747,Negative,20,256,7.8125
640,103.8006793,1.263641747,Neutral,111,256,43.359375
641,103.8006793,1.263641747,Positive,125,256,48.828125
642,103.8006793,1.273641747,Negative,81,987,8.20668693
643,103.8006793,1.273641747,Neutral,418,987,42.35055724
644,103.8006793,1.273641747,Positive,488,987,49.44275583
645,103.8006793,1.283641747,Negative,59,746,7.908847185
646,103.8006793,1.283641747,Neutral,315,746,42.22520107
647,103.8006793,1.283641747,Positive,372,746,49.86595174
648,103.8006793,1.293641747,Negative,77,740,10.40540541
649,103.8006793,1.293641747,Neutral,374,740,50.54054054
650,103.8006793,1.293641747,Positive,289,740,39.05405405
651,103.8006793,1.303641747,Negative,131,1223,10.71136549
652,103.8006793,1.303641747,Neutral,470,1223,38.43008994
653,103.8006793,1.303641747,Positive,622,1223,50.85854456
654,103.8006793,1.313641747,Negative,36,340,10.58823529
655,103.8006793,1.313641747,Neutral,165,340,48.52941176
656,103.8006793,1.313641747,Positive,139,340,40.88235294
657,103.8006793,1.323641747,Negative,2,49,4.081632653
658,103.8006793,1.323641747,Neutral,29,49,59.18367347
659,103.8006793,1.323641747,Positive,18,49,36.73469388
660,103.8006793,1.333641747,Negative,32,223,14.34977578
661,103.8006793,1.333641747,Neutral,99,223,44.39461883
662,103.8006793,1.333641747,Positive,92,223,41.25560538
663,103.8006793,1.343641747,Negative,2,44,4.545454545
664,103.8006793,1.343641747,Neutral,20,44,45.45454545
665,103.8006793,1.343641747,Positive,22,44,50
666,103.8006793,1.353641747,Neutral,2,3,66.66666667
667,103.8006793,1.353641747,Positive,1,3,33.33333333
668,103.8006793,1.363641747,Neutral,7,14,50
669,103.8006793,1.363641747,Positive,7,14,50
670,103.8006793,1.373641747,Neutral,1,1,100
671,103.8006793,1.403641747,Negative,3,14,21.42857143
672,103.8006793,1.403641747,Neutral,6,14,42.85714286
673,103.8006793,1.403641747,Positive,5,14,35.71428571
674,103.8006793,1.413641747,Positive,1,1,100
675,103.8006793,1.423641747,Negative,2,44,4.545454545
676,103.8006793,1.423641747,Neutral,26,44,59.09090909
677,103.8006793,1.423641747,Positive,16,44,36.36363636
678,103.8006793,1.433641747,Negative,37,387,9.560723514
679,103.8006793,1.433641747,Neutral,161,387,41.60206718
680,103.8006793,1.433641747,Positive,189,387,48.8372093
681,103.8006793,1.443641747,Negative,23,600,3.833333333
682,103.8006793,1.443641747,Neutral,391,600,65.16666667
683,103.8006793,1.443641747,Positive,186,600,31
684,103.8006793,1.453641747,Negative,64,526,12.16730038
685,103.8006793,1.453641747,Neutral,126,526,23.95437262
686,103.8006793,1.453641747,Positive,336,526,63.878327
687,103.8006793,1.463641747,Neutral,5,11,45.45454545
688,103.8006793,1.463641747,Positive,6,11,54.54545455
689,103.8106793,1.243641747,Neutral,1,2,50
690,103.8106793,1.243641747,Positive,1,2,50
691,103.8106793,1.253641747,Negative,65,772,8.419689119
692,103.8106793,1.253641747,Neutral,334,772,43.2642487
693,103.8106793,1.253641747,Positive,373,772,48.31606218
694,103.8106793,1.263641747,Negative,18,293,6.14334471
695,103.8106793,1.263641747,Neutral,136,293,46.41638225
696,103.8106793,1.263641747,Positive,139,293,47.44027304
697,103.8106793,1.273641747,Negative,50,554,9.025270758
698,103.8106793,1.273641747,Neutral,313,554,56.49819495
699,103.8106793,1.273641747,Positive,191,554,34.4765343
700,103.8106793,1.283641747,Negative,73,761,9.592641261
701,103.8106793,1.283641747,Neutral,397,761,52.16819974
702,103.8106793,1.283641747,Positive,291,761,38.239159
703,103.8106793,1.293641747,Negative,53,562,9.430604982
704,103.8106793,1.293641747,Neutral,340,562,60.49822064
705,103.8106793,1.293641747,Positive,169,562,30.07117438
706,103.8106793,1.303641747,Negative,92,1024,8.984375
707,103.8106793,1.303641747,Neutral,448,1024,43.75
708,103.8106793,1.303641747,Positive,484,1024,47.265625
709,103.8106793,1.313641747,Negative,33,427,7.728337237
710,103.8106793,1.313641747,Neutral,195,427,45.66744731
711,103.8106793,1.313641747,Positive,199,427,46.60421546
712,103.8106793,1.323641747,Negative,32,408,7.843137255
713,103.8106793,1.323641747,Neutral,215,408,52.69607843
714,103.8106793,1.323641747,Positive,161,408,39.46078431
715,103.8106793,1.333641747,Negative,5,98,5.102040816
716,103.8106793,1.333641747,Neutral,50,98,51.02040816
717,103.8106793,1.333641747,Positive,43,98,43.87755102
718,103.8106793,1.343641747,Negative,1,26,3.846153846
719,103.8106793,1.343641747,Neutral,12,26,46.15384615
720,103.8106793,1.343641747,Positive,13,26,50
721,103.8106793,1.353641747,Negative,5,32,15.625
722,103.8106793,1.353641747,Neutral,16,32,50
723,103.8106793,1.353641747,Positive,11,32,34.375
724,103.8106793,1.363641747,Negative,3,47,6.382978723
725,103.8106793,1.363641747,Neutral,22,47,46.80851064
726,103.8106793,1.363641747,Positive,22,47,46.80851064
727,103.8106793,1.373641747,Negative,6,65,9.230769231
728,103.8106793,1.373641747,Neutral,32,65,49.23076923
729,103.8106793,1.373641747,Positive,27,65,41.53846154
730,103.8106793,1.383641747,Positive,1,1,100
731,103.8106793,1.403641747,Negative,10,131,7.633587786
732,103.8106793,1.403641747,Neutral,75,131,57.2519084
733,103.8106793,1.403641747,Positive,46,131,35.11450382
734,103.8106793,1.413641747,Negative,4,27,14.81481481
735,103.8106793,1.413641747,Neutral,13,27,48.14814815
736,103.8106793,1.413641747,Positive,10,27,37.03703704
737,103.8106793,1.433641747,Negative,1,20,5
738,103.8106793,1.433641747,Neutral,15,20,75
739,103.8106793,1.433641747,Positive,4,20,20
740,103.8106793,1.443641747,Negative,13,197,6.598984772
741,103.8106793,1.443641747,Neutral,101,197,51.26903553
742,103.8106793,1.443641747,Positive,83,197,42.1319797
743,103.8106793,1.453641747,Negative,4,66,6.060606061
744,103.8106793,1.453641747,Neutral,46,66,69.6969697
745,103.8106793,1.453641747,Positive,16,66,24.24242424
746,103.8106793,1.463641747,Negative,7,80,8.75
747,103.8106793,1.463641747,Neutral,21,80,26.25
748,103.8106793,1.463641747,Positive,52,80,65
749,103.8106793,1.473641747,Neutral,3,5,60
750,103.8106793,1.473641747,Positive,2,5,40
751,103.8206793,1.243641747,Negative,12,114,10.52631579
752,103.8206793,1.243641747,Neutral,47,114,41.22807018
753,103.8206793,1.243641747,Positive,55,114,48.24561404
754,103.8206793,1.253641747,Negative,575,5951,9.66224164
755,103.8206793,1.253641747,Neutral,2661,5951,44.71517392
756,103.8206793,1.253641747,Positive,2715,5951,45.62258444
757,103.8206793,1.263641747,Negative,201,2181,9.215955983
758,103.8206793,1.263641747,Neutral,1061,2181,48.64740945
759,103.8206793,1.263641747,Positive,919,2181,42.13663457
760,103.8206793,1.273641747,Negative,45,607,7.413509061
761,103.8206793,1.273641747,Neutral,341,607,56.17792422
762,103.8206793,1.273641747,Positive,221,607,36.40856672
763,103.8206793,1.303641747,Negative,91,1302,6.989247312
764,103.8206793,1.303641747,Neutral,500,1302,38.40245776
765,103.8206793,1.303641747,Positive,711,1302,54.60829493
766,103.8206793,1.313641747,Negative,73,1015,7.192118227
767,103.8206793,1.313641747,Neutral,465,1015,45.81280788
768,103.8206793,1.313641747,Positive,477,1015,46.99507389
769,103.8206793,1.323641747,Negative,14,204,6.862745098
770,103.8206793,1.323641747,Neutral,84,204,41.17647059
771,103.8206793,1.323641747,Positive,106,204,51.96078431
772,103.8206793,1.333641747,Negative,6,42,14.28571429
773,103.8206793,1.333641747,Neutral,26,42,61.9047619
774,103.8206793,1.333641747,Positive,10,42,23.80952381
775,103.8206793,1.343641747,Neutral,8,11,72.72727273
776,103.8206793,1.343641747,Positive,3,11,27.27272727
777,103.8206793,1.353641747,Negative,28,522,5.363984674
778,103.8206793,1.353641747,Neutral,151,522,28.92720307
779,103.8206793,1.353641747,Positive,343,522,65.70881226
780,103.8206793,1.363641747,Negative,987,7673,12.86328685
781,103.8206793,1.363641747,Neutral,2339,7673,30.48351362
782,103.8206793,1.363641747,Positive,4347,7673,56.65319953
783,103.8206793,1.373641747,Negative,24,59,40.6779661
784,103.8206793,1.373641747,Neutral,10,59,16.94915254
785,103.8206793,1.373641747,Positive,25,59,42.37288136
786,103.8206793,1.383641747,Negative,11,82,13.41463415
787,103.8206793,1.383641747,Neutral,46,82,56.09756098
788,103.8206793,1.383641747,Positive,25,82,30.48780488
789,103.8206793,1.393641747,Negative,1,58,1.724137931
790,103.8206793,1.393641747,Neutral,42,58,72.4137931
791,103.8206793,1.393641747,Positive,15,58,25.86206897
792,103.8206793,1.403641747,Negative,9,123,7.317073171
793,103.8206793,1.403641747,Neutral,83,123,67.4796748
794,103.8206793,1.403641747,Positive,31,123,25.20325203
795,103.8206793,1.413641747,Neutral,4,12,33.33333333
796,103.8206793,1.413641747,Positive,8,12,66.66666667
797,103.8206793,1.423641747,Negative,3,23,13.04347826
798,103.8206793,1.423641747,Neutral,13,23,56.52173913
799,103.8206793,1.423641747,Positive,7,23,30.43478261
800,103.8206793,1.433641747,Negative,6,44,13.63636364
801,103.8206793,1.433641747,Neutral,26,44,59.09090909
802,103.8206793,1.433641747,Positive,12,44,27.27272727
803,103.8206793,1.443641747,Negative,45,461,9.761388286
804,103.8206793,1.443641747,Neutral,211,461,45.77006508
805,103.8206793,1.443641747,Positive,205,461,44.46854664
806,103.8206793,1.453641747,Negative,54,625,8.64
807,103.8206793,1.453641747,Neutral,281,625,44.96
808,103.8206793,1.453641747,Positive,290,625,46.4
809,103.8206793,1.463641747,Negative,8,58,13.79310345
810,103.8206793,1.463641747,Neutral,25,58,43.10344828
811,103.8206793,1.463641747,Positive,25,58,43.10344828
812,103.8206793,1.473641747,Negative,1,13,7.692307692
813,103.8206793,1.473641747,Neutral,5,13,38.46153846
814,103.8206793,1.473641747,Positive,7,13,53.84615385
815,103.8306793,1.213641747,Negative,1,10,10
816,103.8306793,1.213641747,Neutral,4,10,40
817,103.8306793,1.213641747,Positive,5,10,50
818,103.8306793,1.223641747,Negative,1,8,12.5
819,103.8306793,1.223641747,Neutral,4,8,50
820,103.8306793,1.223641747,Positive,3,8,37.5
821,103.8306793,1.233641747,Neutral,5,5,100
822,103.8306793,1.243641747,Negative,48,699,6.86695279
823,103.8306793,1.243641747,Neutral,296,699,42.34620887
824,103.8306793,1.243641747,Positive,355,699,50.78683834
825,103.8306793,1.253641747,Negative,36,341,10.55718475
826,103.8306793,1.253641747,Neutral,126,341,36.95014663
827,103.8306793,1.253641747,Positive,179,341,52.49266862
828,103.8306793,1.263641747,Neutral,18,22,81.81818182
829,103.8306793,1.263641747,Positive,4,22,18.18181818
830,103.8306793,1.273641747,Negative,43,374,11.4973262
831,103.8306793,1.273641747,Neutral,234,374,62.56684492
832,103.8306793,1.273641747,Positive,97,374,25.93582888
833,103.8306793,1.283641747,Negative,224,2030,11.03448276
834,103.8306793,1.283641747,Neutral,959,2030,47.24137931
835,103.8306793,1.283641747,Positive,847,2030,41.72413793
836,103.8306793,1.303641747,Negative,532,7077,7.517309594
837,103.8306793,1.303641747,Neutral,2978,7077,42.07997739
838,103.8306793,1.303641747,Positive,3567,7077,50.40271301
839,103.8306793,1.313641747,Negative,58,1079,5.375347544
840,103.8306793,1.313641747,Neutral,448,1079,41.51992586
841,103.8306793,1.313641747,Positive,573,1079,53.1047266
842,103.8306793,1.323641747,Negative,8,96,8.333333333
843,103.8306793,1.323641747,Neutral,54,96,56.25
844,103.8306793,1.323641747,Positive,34,96,35.41666667
845,103.8306793,1.333641747,Negative,1,44,2.272727273
846,103.8306793,1.333641747,Neutral,16,44,36.36363636
847,103.8306793,1.333641747,Positive,27,44,61.36363636
848,103.8306793,1.343641747,Negative,46,501,9.181636727
849,103.8306793,1.343641747,Neutral,253,501,50.499002
850,103.8306793,1.343641747,Positive,202,501,40.31936128
851,103.8306793,1.353641747,Negative,43,521,8.253358925
852,103.8306793,1.353641747,Neutral,268,521,51.43953935
853,103.8306793,1.353641747,Positive,210,521,40.30710173
854,103.8306793,1.363641747,Negative,24,207,11.5942029
855,103.8306793,1.363641747,Neutral,109,207,52.65700483
856,103.8306793,1.363641747,Positive,74,207,35.74879227
857,103.8306793,1.373641747,Negative,196,612,32.02614379
858,103.8306793,1.373641747,Neutral,336,612,54.90196078
859,103.8306793,1.373641747,Positive,80,612,13.07189542
860,103.8306793,1.383641747,Negative,20,200,10
861,103.8306793,1.383641747,Neutral,136,200,68
862,103.8306793,1.383641747,Positive,44,200,22
863,103.8306793,1.393641747,Negative,1,25,4
864,103.8306793,1.393641747,Neutral,19,25,76
865,103.8306793,1.393641747,Positive,5,25,20
866,103.8306793,1.403641747,Negative,16,42,38.0952381
867,103.8306793,1.403641747,Neutral,7,42,16.66666667
868,103.8306793,1.403641747,Positive,19,42,45.23809524
869,103.8306793,1.413641747,Negative,81,606,13.36633663
870,103.8306793,1.413641747,Neutral,326,606,53.79537954
871,103.8306793,1.413641747,Positive,199,606,32.83828383
872,103.8306793,1.423641747,Negative,37,339,10.91445428
873,103.8306793,1.423641747,Neutral,171,339,50.44247788
874,103.8306793,1.423641747,Positive,131,339,38.64306785
875,103.8306793,1.433641747,Negative,97,1040,9.326923077
876,103.8306793,1.433641747,Neutral,537,1040,51.63461538
877,103.8306793,1.433641747,Positive,406,1040,39.03846154
878,103.8306793,1.443641747,Negative,35,299,11.70568562
879,103.8306793,1.443641747,Neutral,199,299,66.55518395
880,103.8306793,1.443641747,Positive,65,299,21.73913043
881,103.8306793,1.453641747,Negative,10,116,8.620689655
882,103.8306793,1.453641747,Neutral,63,116,54.31034483
883,103.8306793,1.453641747,Positive,43,116,37.06896552
884,103.8306793,1.463641747,Negative,4,15,26.66666667
885,103.8306793,1.463641747,Neutral,1,15,6.666666667
886,103.8306793,1.463641747,Positive,10,15,66.66666667
887,103.8406793,1.223641747,Positive,2,2,100
888,103.8406793,1.243641747,Negative,38,579,6.563039724
889,103.8406793,1.243641747,Neutral,278,579,48.01381693
890,103.8406793,1.243641747,Positive,263,579,45.42314335
891,103.8406793,1.253641747,Negative,14,107,13.08411215
892,103.8406793,1.253641747,Neutral,52,107,48.59813084
893,103.8406793,1.253641747,Positive,41,107,38.31775701
894,103.8406793,1.263641747,Neutral,5,6,83.33333333
895,103.8406793,1.263641747,Positive,1,6,16.66666667
896,103.8406793,1.273641747,Negative,304,3107,9.784357902
897,103.8406793,1.273641747,Neutral,1381,3107,44.4480206
898,103.8406793,1.273641747,Positive,1422,3107,45.7676215
899,103.8406793,1.283641747,Negative,730,7160,10.19553073
900,103.8406793,1.283641747,Neutral,3438,7160,48.01675978
901,103.8406793,1.283641747,Positive,2992,7160,41.7877095
902,103.8406793,1.303641747,Negative,854,8484,10.0660066
903,103.8406793,1.303641747,Neutral,3849,8484,45.36775106
904,103.8406793,1.303641747,Positive,3781,8484,44.56624234
905,103.8406793,1.323641747,Negative,137,1412,9.702549575
906,103.8406793,1.323641747,Neutral,679,1412,48.0878187
907,103.8406793,1.323641747,Positive,596,1412,42.20963173
908,103.8406793,1.333641747,Negative,20,406,4.926108374
909,103.8406793,1.333641747,Neutral,292,406,71.92118227
910,103.8406793,1.333641747,Positive,94,406,23.15270936
911,103.8406793,1.343641747,Negative,16,184,8.695652174
912,103.8406793,1.343641747,Neutral,96,184,52.17391304
913,103.8406793,1.343641747,Positive,72,184,39.13043478
914,103.8406793,1.353641747,Negative,59,626,9.424920128
915,103.8406793,1.353641747,Neutral,228,626,36.42172524
916,103.8406793,1.353641747,Positive,339,626,54.15335463
917,103.8406793,1.363641747,Negative,48,469,10.23454158
918,103.8406793,1.363641747,Neutral,276,469,58.84861407
919,103.8406793,1.363641747,Positive,145,469,30.91684435
920,103.8406793,1.373641747,Negative,74,819,9.035409035
921,103.8406793,1.373641747,Neutral,359,819,43.83394383
922,103.8406793,1.373641747,Positive,386,819,47.13064713
923,103.8406793,1.383641747,Negative,22,184,11.95652174
924,103.8406793,1.383641747,Neutral,95,184,51.63043478
925,103.8406793,1.383641747,Positive,67,184,36.41304348
926,103.8406793,1.393641747,Negative,3,34,8.823529412
927,103.8406793,1.393641747,Neutral,22,34,64.70588235
928,103.8406793,1.393641747,Positive,9,34,26.47058824
929,103.8406793,1.403641747,Neutral,1,1,100
930,103.8406793,1.413641747,Negative,25,427,5.854800937
931,103.8406793,1.413641747,Neutral,269,427,62.99765808
932,103.8406793,1.413641747,Positive,133,427,31.14754098
933,103.8406793,1.423641747,Negative,72,859,8.381839348
934,103.8406793,1.423641747,Neutral,447,859,52.03725262
935,103.8406793,1.423641747,Positive,340,859,39.58090803
936,103.8406793,1.433641747,Negative,98,1005,9.751243781
937,103.8406793,1.433641747,Neutral,525,1005,52.23880597
938,103.8406793,1.433641747,Positive,382,1005,38.00995025
939,103.8406793,1.443641747,Negative,4,18,22.22222222
940,103.8406793,1.443641747,Neutral,7,18,38.88888889
941,103.8406793,1.443641747,Positive,7,18,38.88888889
942,103.8406793,1.453641747,Neutral,6,11,54.54545455
943,103.8406793,1.453641747,Positive,5,11,45.45454545
944,103.8406793,1.463641747,Negative,11,112,9.821428571
945,103.8406793,1.463641747,Neutral,55,112,49.10714286
946,103.8406793,1.463641747,Positive,46,112,41.07142857
947,103.8406793,1.473641747,Negative,1,13,7.692307692
948,103.8406793,1.473641747,Neutral,7,13,53.84615385
949,103.8406793,1.473641747,Positive,5,13,38.46153846
950,103.8506793,1.213641747,Positive,1,1,100
951,103.8506793,1.223641747,Negative,13,166,7.831325301
952,103.8506793,1.223641747,Neutral,75,166,45.18072289
953,103.8506793,1.223641747,Positive,78,166,46.98795181
954,103.8506793,1.253641747,Positive,1,1,100
955,103.8506793,1.263641747,Neutral,5,10,50
956,103.8506793,1.263641747,Positive,5,10,50
957,103.8506793,1.273641747,Negative,165,2075,7.951807229
958,103.8506793,1.273641747,Neutral,792,2075,38.1686747
959,103.8506793,1.273641747,Positive,1118,2075,53.87951807
960,103.8506793,1.283641747,Negative,1069,13407,7.973446707
961,103.8506793,1.283641747,Neutral,5731,13407,42.74632655
962,103.8506793,1.283641747,Positive,6607,13407,49.28022675
963,103.8506793,1.303641747,Negative,508,6455,7.869868319
964,103.8506793,1.303641747,Neutral,2808,6455,43.50116189
965,103.8506793,1.303641747,Positive,3139,6455,48.62896979
966,103.8506793,1.313641747,Negative,75,1209,6.203473945
967,103.8506793,1.313641747,Neutral,535,1209,44.25144748
968,103.8506793,1.313641747,Positive,599,1209,49.54507858
969,103.8506793,1.323641747,Negative,97,1093,8.874656908
970,103.8506793,1.323641747,Neutral,575,1093,52.60750229
971,103.8506793,1.323641747,Positive,421,1093,38.51784081
972,103.8506793,1.333641747,Negative,155,1407,11.01634684
973,103.8506793,1.333641747,Neutral,629,1407,44.7050462
974,103.8506793,1.333641747,Positive,623,1407,44.27860697
975,103.8506793,1.343641747,Negative,70,857,8.168028005
976,103.8506793,1.343641747,Neutral,429,857,50.05834306
977,103.8506793,1.343641747,Positive,358,857,41.77362894
978,103.8506793,1.353641747,Negative,146,1673,8.726838016
979,103.8506793,1.353641747,Neutral,569,1673,34.01075912
980,103.8506793,1.353641747,Positive,958,1673,57.26240287
981,103.8506793,1.363641747,Negative,36,751,4.793608522
982,103.8506793,1.363641747,Neutral,416,751,55.39280959
983,103.8506793,1.363641747,Positive,299,751,39.81358189
984,103.8506793,1.373641747,Negative,96,988,9.71659919
985,103.8506793,1.373641747,Neutral,516,988,52.22672065
986,103.8506793,1.373641747,Positive,376,988,38.05668016
987,103.8506793,1.383641747,Negative,16,227,7.04845815
988,103.8506793,1.383641747,Neutral,81,227,35.68281938
989,103.8506793,1.383641747,Positive,130,227,57.26872247
990,103.8506793,1.393641747,Negative,2,46,4.347826087
991,103.8506793,1.393641747,Neutral,30,46,65.2173913
992,103.8506793,1.393641747,Positive,14,46,30.43478261
993,103.8506793,1.413641747,Negative,2,12,16.66666667
994,103.8506793,1.413641747,Neutral,4,12,33.33333333
995,103.8506793,1.413641747,Positive,6,12,50
996,103.8506793,1.423641747,Negative,22,304,7.236842105
997,103.8506793,1.423641747,Neutral,166,304,54.60526316
998,103.8506793,1.423641747,Positive,116,304,38.15789474
999,103.8506793,1.433641747,Negative,3,26,11.53846154
1000,103.8506793,1.433641747,Neutral,13,26,50
1001,103.8506793,1.433641747,Positive,10,26,38.46153846
1002,103.8506793,1.443641747,Negative,1,2,50
1003,103.8506793,1.443641747,Positive,1,2,50
1004,103.8506793,1.453641747,Neutral,1,1,100
1005,103.8606793,1.223641747,Negative,1,16,6.25
1006,103.8606793,1.223641747,Neutral,7,16,43.75
1007,103.8606793,1.223641747,Positive,8,16,50
1008,103.8606793,1.233641747,Neutral,1,1,100
1009,103.8606793,1.263641747,Negative,51,483,10.55900621
1010,103.8606793,1.263641747,Neutral,200,483,41.40786749
1011,103.8606793,1.263641747,Positive,232,483,48.03312629
1012,103.8606793,1.273641747,Negative,7,116,6.034482759
1013,103.8606793,1.273641747,Neutral,71,116,61.20689655
1014,103.8606793,1.273641747,Positive,38,116,32.75862069
1015,103.8606793,1.283641747,Negative,1005,13562,7.410411444
1016,103.8606793,1.283641747,Neutral,6111,13562,45.0597257
1017,103.8606793,1.283641747,Positive,6446,13562,47.52986285
1018,103.8606793,1.303641747,Negative,589,7278,8.09288266
1019,103.8606793,1.303641747,Neutral,3417,7278,46.94971146
1020,103.8606793,1.303641747,Positive,3272,7278,44.95740588
1021,103.8606793,1.313641747,Negative,203,2509,8.090872858
1022,103.8606793,1.313641747,Neutral,1099,2509,43.80231168
1023,103.8606793,1.313641747,Positive,1207,2509,48.10681546
1024,103.8606793,1.323641747,Negative,60,959,6.256517205
1025,103.8606793,1.323641747,Neutral,515,959,53.70177268
1026,103.8606793,1.323641747,Positive,384,959,40.04171011
1027,103.8606793,1.333641747,Negative,14,271,5.166051661
1028,103.8606793,1.333641747,Neutral,196,271,72.32472325
1029,103.8606793,1.333641747,Positive,61,271,22.50922509
1030,103.8606793,1.343641747,Negative,12,173,6.936416185
1031,103.8606793,1.343641747,Neutral,95,173,54.9132948
1032,103.8606793,1.343641747,Positive,66,173,38.15028902
1033,103.8606793,1.353641747,Negative,13,208,6.25
1034,103.8606793,1.353641747,Neutral,104,208,50
1035,103.8606793,1.353641747,Positive,91,208,43.75
1036,103.8606793,1.363641747,Negative,24,359,6.685236769
1037,103.8606793,1.363641747,Neutral,191,359,53.20334262
1038,103.8606793,1.363641747,Positive,144,359,40.11142061
1039,103.8606793,1.373641747,Negative,16,256,6.25
1040,103.8606793,1.373641747,Neutral,137,256,53.515625
1041,103.8606793,1.373641747,Positive,103,256,40.234375
1042,103.8606793,1.393641747,Negative,2,21,9.523809524
1043,103.8606793,1.393641747,Neutral,10,21,47.61904762
1044,103.8606793,1.393641747,Positive,9,21,42.85714286
1045,103.8606793,1.403641747,Negative,1,19,5.263157895
1046,103.8606793,1.403641747,Neutral,12,19,63.15789474
1047,103.8606793,1.403641747,Positive,6,19,31.57894737
1048,103.8606793,1.413641747,Neutral,17,24,70.83333333
1049,103.8606793,1.413641747,Positive,7,24,29.16666667
1050,103.8606793,1.423641747,Negative,11,104,10.57692308
1051,103.8606793,1.423641747,Neutral,59,104,56.73076923
1052,103.8606793,1.423641747,Positive,34,104,32.69230769
1053,103.8606793,1.433641747,Neutral,2,3,66.66666667
1054,103.8606793,1.433641747,Positive,1,3,33.33333333
1055,103.8706793,1.273641747,Negative,1,13,7.692307692
1056,103.8706793,1.273641747,Neutral,8,13,61.53846154
1057,103.8706793,1.273641747,Positive,4,13,30.76923077
1058,103.8706793,1.283641747,Negative,280,3400,8.235294118
1059,103.8706793,1.283641747,Neutral,1661,3400,48.85294118
1060,103.8706793,1.283641747,Positive,1459,3400,42.91176471
1061,103.8706793,1.293641747,Negative,24,357,6.722689076
1062,103.8706793,1.293641747,Neutral,162,357,45.37815126
1063,103.8706793,1.293641747,Positive,171,357,47.89915966
1064,103.8706793,1.303641747,Negative,333,3516,9.470989761
1065,103.8706793,1.303641747,Neutral,1402,3516,39.87485779
1066,103.8706793,1.303641747,Positive,1781,3516,50.65415245
1067,103.8706793,1.313641747,Negative,136,1031,13.19107662
1068,103.8706793,1.313641747,Neutral,610,1031,59.16585839
1069,103.8706793,1.313641747,Positive,285,1031,27.64306499
1070,103.8706793,1.323641747,Negative,76,775,9.806451613
1071,103.8706793,1.323641747,Neutral,411,775,53.03225806
1072,103.8706793,1.323641747,Positive,288,775,37.16129032
1073,103.8706793,1.333641747,Negative,36,598,6.02006689
1074,103.8706793,1.333641747,Neutral,239,598,39.96655518
1075,103.8706793,1.333641747,Positive,323,598,54.01337793
1076,103.8706793,1.343641747,Negative,14,241,5.809128631
1077,103.8706793,1.343641747,Neutral,137,241,56.84647303
1078,103.8706793,1.343641747,Positive,90,241,37.34439834
1079,103.8706793,1.353641747,Negative,843,4032,20.9077381
1080,103.8706793,1.353641747,Neutral,2072,4032,51.38888889
1081,103.8706793,1.353641747,Positive,1117,4032,27.70337302
1082,103.8706793,1.363641747,Negative,36,400,9
1083,103.8706793,1.363641747,Neutral,207,400,51.75
1084,103.8706793,1.363641747,Positive,157,400,39.25
1085,103.8706793,1.373641747,Negative,22,283,7.77385159
1086,103.8706793,1.373641747,Neutral,175,283,61.83745583
1087,103.8706793,1.373641747,Positive,86,283,30.38869258
1088,103.8706793,1.393641747,Negative,14,184,7.608695652
1089,103.8706793,1.393641747,Neutral,96,184,52.17391304
1090,103.8706793,1.393641747,Positive,74,184,40.2173913
1091,103.8706793,1.403641747,Negative,12,150,8
1092,103.8706793,1.403641747,Neutral,76,150,50.66666667
1093,103.8706793,1.403641747,Positive,62,150,41.33333333
1094,103.8706793,1.413641747,Negative,11,190,5.789473684
1095,103.8706793,1.413641747,Neutral,93,190,48.94736842
1096,103.8706793,1.413641747,Positive,86,190,45.26315789
1097,103.8706793,1.423641747,Neutral,4,4,100
1098,103.8806793,1.283641747,Negative,2,7,28.57142857
1099,103.8806793,1.283641747,Neutral,4,7,57.14285714
1100,103.8806793,1.283641747,Positive,1,7,14.28571429
1101,103.8806793,1.293641747,Negative,4,93,4.301075269
1102,103.8806793,1.293641747,Neutral,58,93,62.3655914
1103,103.8806793,1.293641747,Positive,31,93,33.33333333
1104,103.8806793,1.303641747,Negative,78,847,9.208972845
1105,103.8806793,1.303641747,Neutral,414,847,48.87839433
1106,103.8806793,1.303641747,Positive,355,847,41.91263282
1107,103.8806793,1.313641747,Negative,1227,3116,39.37740693
1108,103.8806793,1.313641747,Neutral,952,3116,30.55198973
1109,103.8806793,1.313641747,Positive,937,3116,30.07060334
1110,103.8806793,1.323641747,Negative,27,376,7.180851064
1111,103.8806793,1.323641747,Neutral,207,376,55.05319149
1112,103.8806793,1.323641747,Positive,142,376,37.76595745
1113,103.8806793,1.333641747,Negative,29,309,9.385113269
1114,103.8806793,1.333641747,Neutral,164,309,53.07443366
1115,103.8806793,1.333641747,Positive,116,309,37.54045307
1116,103.8806793,1.343641747,Negative,15,418,3.588516746
1117,103.8806793,1.343641747,Neutral,198,418,47.36842105
1118,103.8806793,1.343641747,Positive,205,418,49.0430622
1119,103.8806793,1.353641747,Negative,24,555,4.324324324
1120,103.8806793,1.353641747,Neutral,363,555,65.40540541
1121,103.8806793,1.353641747,Positive,168,555,30.27027027
1122,103.8806793,1.363641747,Negative,29,318,9.119496855
1123,103.8806793,1.363641747,Neutral,201,318,63.20754717
1124,103.8806793,1.363641747,Positive,88,318,27.67295597
1125,103.8806793,1.373641747,Negative,76,832,9.134615385
1126,103.8806793,1.373641747,Neutral,378,832,45.43269231
1127,103.8806793,1.373641747,Positive,378,832,45.43269231
1128,103.8806793,1.383641747,Negative,23,293,7.849829352
1129,103.8806793,1.383641747,Neutral,164,293,55.97269625
1130,103.8806793,1.383641747,Positive,106,293,36.1774744
1131,103.8806793,1.393641747,Negative,29,499,5.811623246
1132,103.8806793,1.393641747,Neutral,313,499,62.7254509
1133,103.8806793,1.393641747,Positive,157,499,31.46292585
1134,103.8806793,1.413641747,Neutral,9,12,75
1135,103.8806793,1.413641747,Positive,3,12,25
1136,103.8806793,1.423641747,Neutral,1,1,100
1137,103.8806793,1.433641747,Neutral,1,1,100
1138,103.8806793,1.443641747,Negative,1,6,16.66666667
1139,103.8806793,1.443641747,Neutral,2,6,33.33333333
1140,103.8806793,1.443641747,Positive,3,6,50
1141,103.8906793,1.283641747,Negative,29,175,16.57142857
1142,103.8906793,1.283641747,Neutral,68,175,38.85714286
1143,103.8906793,1.283641747,Positive,78,175,44.57142857
1144,103.8906793,1.293641747,Negative,11,99,11.11111111
1145,103.8906793,1.293641747,Neutral,51,99,51.51515152
1146,103.8906793,1.293641747,Positive,37,99,37.37373737
1147,103.8906793,1.303641747,Negative,44,501,8.78243513
1148,103.8906793,1.303641747,Neutral,333,501,66.46706587
1149,103.8906793,1.303641747,Positive,124,501,24.750499
1150,103.8906793,1.313641747,Negative,145,1898,7.639620653
1151,103.8906793,1.313641747,Neutral,991,1898,52.21285564
1152,103.8906793,1.313641747,Positive,762,1898,40.14752371
1153,103.8906793,1.323641747,Negative,199,1566,12.70753512
1154,103.8906793,1.323641747,Neutral,859,1566,54.85312899
1155,103.8906793,1.323641747,Positive,508,1566,32.43933589
1156,103.8906793,1.333641747,Negative,82,837,9.796893668
1157,103.8906793,1.333641747,Neutral,402,837,48.02867384
1158,103.8906793,1.333641747,Positive,353,837,42.1744325
1159,103.8906793,1.343641747,Negative,1,28,3.571428571
1160,103.8906793,1.343641747,Neutral,11,28,39.28571429
1161,103.8906793,1.343641747,Positive,16,28,57.14285714
1162,103.8906793,1.353641747,Negative,26,480,5.416666667
1163,103.8906793,1.353641747,Neutral,231,480,48.125
1164,103.8906793,1.353641747,Positive,223,480,46.45833333
1165,103.8906793,1.363641747,Negative,69,435,15.86206897
1166,103.8906793,1.363641747,Neutral,244,435,56.09195402
1167,103.8906793,1.363641747,Positive,122,435,28.04597701
1168,103.8906793,1.373641747,Negative,87,991,8.7790111
1169,103.8906793,1.373641747,Neutral,580,991,58.52674067
1170,103.8906793,1.373641747,Positive,324,991,32.69424823
1171,103.8906793,1.383641747,Negative,25,421,5.93824228
1172,103.8906793,1.383641747,Neutral,288,421,68.40855107
1173,103.8906793,1.383641747,Positive,108,421,25.65320665
1174,103.8906793,1.393641747,Negative,58,648,8.950617284
1175,103.8906793,1.393641747,Neutral,348,648,53.7037037
1176,103.8906793,1.393641747,Positive,242,648,37.34567901
1177,103.8906793,1.403641747,Negative,8,85,9.411764706
1178,103.8906793,1.403641747,Neutral,53,85,62.35294118
1179,103.8906793,1.403641747,Positive,24,85,28.23529412
1180,103.8906793,1.413641747,Neutral,1,4,25
1181,103.8906793,1.413641747,Positive,3,4,75
1182,103.8906793,1.423641747,Neutral,6,9,66.66666667
1183,103.8906793,1.423641747,Positive,3,9,33.33333333
1184,103.8906793,1.433641747,Negative,1,6,16.66666667
1185,103.8906793,1.433641747,Neutral,2,6,33.33333333
1186,103.8906793,1.433641747,Positive,3,6,50
1187,103.9006793,1.293641747,Negative,10,161,6.211180124
1188,103.9006793,1.293641747,Neutral,69,161,42.85714286
1189,103.9006793,1.293641747,Positive,82,161,50.93167702
1190,103.9006793,1.303641747,Negative,122,1370,8.905109489
1191,103.9006793,1.303641747,Neutral,608,1370,44.37956204
1192,103.9006793,1.303641747,Positive,640,1370,46.71532847
1193,103.9006793,1.313641747,Negative,197,2681,7.348004476
1194,103.9006793,1.313641747,Neutral,1384,2681,51.62252891
1195,103.9006793,1.313641747,Positive,1100,2681,41.02946662
1196,103.9006793,1.323641747,Negative,47,469,10.02132196
1197,103.9006793,1.323641747,Neutral,221,469,47.12153518
1198,103.9006793,1.323641747,Positive,201,469,42.85714286
1199,103.9006793,1.333641747,Negative,25,432,5.787037037
1200,103.9006793,1.333641747,Neutral,247,432,57.17592593
1201,103.9006793,1.333641747,Positive,160,432,37.03703704
1202,103.9006793,1.343641747,Negative,42,227,18.50220264
1203,103.9006793,1.343641747,Neutral,62,227,27.31277533
1204,103.9006793,1.343641747,Positive,123,227,54.18502203
1205,103.9006793,1.353641747,Neutral,11,15,73.33333333
1206,103.9006793,1.353641747,Positive,4,15,26.66666667
1207,103.9006793,1.363641747,Negative,8,60,13.33333333
1208,103.9006793,1.363641747,Neutral,28,60,46.66666667
1209,103.9006793,1.363641747,Positive,24,60,40
1210,103.9006793,1.373641747,Negative,30,632,4.746835443
1211,103.9006793,1.373641747,Neutral,447,632,70.7278481
1212,103.9006793,1.373641747,Positive,155,632,24.52531646
1213,103.9006793,1.383641747,Negative,174,956,18.20083682
1214,103.9006793,1.383641747,Neutral,325,956,33.9958159
1215,103.9006793,1.383641747,Positive,457,956,47.80334728
1216,103.9006793,1.393641747,Negative,62,662,9.365558912
1217,103.9006793,1.393641747,Neutral,397,662,59.96978852
1218,103.9006793,1.393641747,Positive,203,662,30.66465257
1219,103.9006793,1.403641747,Negative,83,1151,7.211120765
1220,103.9006793,1.403641747,Neutral,701,1151,60.90356212
1221,103.9006793,1.403641747,Positive,367,1151,31.88531712
1222,103.9006793,1.413641747,Negative,26,244,10.6557377
1223,103.9006793,1.413641747,Neutral,122,244,50
1224,103.9006793,1.413641747,Positive,96,244,39.3442623
1225,103.9006793,1.423641747,Positive,1,1,100
1226,103.9106793,1.293641747,Negative,9,36,25
1227,103.9106793,1.293641747,Neutral,18,36,50
1228,103.9106793,1.293641747,Positive,9,36,25
1229,103.9106793,1.303641747,Negative,98,956,10.25104603
1230,103.9106793,1.303641747,Neutral,476,956,49.79079498
1231,103.9106793,1.303641747,Positive,382,956,39.958159
1232,103.9106793,1.313641747,Negative,435,2116,20.55765595
1233,103.9106793,1.313641747,Neutral,870,2116,41.11531191
1234,103.9106793,1.313641747,Positive,811,2116,38.32703214
1235,103.9106793,1.323641747,Negative,47,524,8.969465649
1236,103.9106793,1.323641747,Neutral,327,524,62.40458015
1237,103.9106793,1.323641747,Positive,150,524,28.6259542
1238,103.9106793,1.333641747,Negative,78,653,11.94486983
1239,103.9106793,1.333641747,Neutral,296,653,45.32924962
1240,103.9106793,1.333641747,Positive,279,653,42.72588055
1241,103.9106793,1.343641747,Negative,14,300,4.666666667
1242,103.9106793,1.343641747,Neutral,162,300,54
1243,103.9106793,1.343641747,Positive,124,300,41.33333333
1244,103.9106793,1.353641747,Neutral,2,3,66.66666667
1245,103.9106793,1.353641747,Positive,1,3,33.33333333
1246,103.9106793,1.363641747,Negative,11,69,15.94202899
1247,103.9106793,1.363641747,Neutral,26,69,37.68115942
1248,103.9106793,1.363641747,Positive,32,69,46.37681159
1249,103.9106793,1.373641747,Negative,1,9,11.11111111
1250,103.9106793,1.373641747,Neutral,5,9,55.55555556
1251,103.9106793,1.373641747,Positive,3,9,33.33333333
1252,103.9106793,1.383641747,Negative,8,22,36.36363636
1253,103.9106793,1.383641747,Neutral,8,22,36.36363636
1254,103.9106793,1.383641747,Positive,6,22,27.27272727
1255,103.9106793,1.393641747,Negative,45,703,6.40113798
1256,103.9106793,1.393641747,Neutral,506,703,71.9772404
1257,103.9106793,1.393641747,Positive,152,703,21.62162162
1258,103.9106793,1.403641747,Negative,50,674,7.418397626
1259,103.9106793,1.403641747,Neutral,435,674,64.54005935
1260,103.9106793,1.403641747,Positive,189,674,28.04154303
1261,103.9106793,1.413641747,Negative,95,830,11.44578313
1262,103.9106793,1.413641747,Neutral,318,830,38.31325301
1263,103.9106793,1.413641747,Positive,417,830,50.24096386
1264,103.9106793,1.423641747,Negative,20,168,11.9047619
1265,103.9106793,1.423641747,Neutral,69,168,41.07142857
1266,103.9106793,1.423641747,Positive,79,168,47.02380952
1267,103.9206793,1.303641747,Negative,25,341,7.331378299
1268,103.9206793,1.303641747,Neutral,188,341,55.13196481
1269,103.9206793,1.303641747,Positive,128,341,37.53665689
1270,103.9206793,1.313641747,Negative,25,329,7.598784195
1271,103.9206793,1.313641747,Neutral,176,329,53.49544073
1272,103.9206793,1.313641747,Positive,128,329,38.90577508
1273,103.9206793,1.323641747,Negative,19,273,6.95970696
1274,103.9206793,1.323641747,Neutral,159,273,58.24175824
1275,103.9206793,1.323641747,Positive,95,273,34.7985348
1276,103.9206793,1.333641747,Negative,45,659,6.828528073
1277,103.9206793,1.333641747,Neutral,347,659,52.65553869
1278,103.9206793,1.333641747,Positive,267,659,40.51593323
1279,103.9206793,1.343641747,Negative,21,205,10.24390244
1280,103.9206793,1.343641747,Neutral,72,205,35.12195122
1281,103.9206793,1.343641747,Positive,112,205,54.63414634
1282,103.9206793,1.353641747,Negative,5,75,6.666666667
1283,103.9206793,1.353641747,Neutral,28,75,37.33333333
1284,103.9206793,1.353641747,Positive,42,75,56
1285,103.9206793,1.373641747,Neutral,5,5,100
1286,103.9206793,1.383641747,Neutral,1,1,100
1287,103.9206793,1.393641747,Negative,14,209,6.698564593
1288,103.9206793,1.393641747,Neutral,104,209,49.76076555
1289,103.9206793,1.393641747,Positive,91,209,43.54066986
1290,103.9206793,1.403641747,Negative,6,149,4.026845638
1291,103.9206793,1.403641747,Neutral,101,149,67.7852349
1292,103.9206793,1.403641747,Positive,42,149,28.18791946
1293,103.9206793,1.413641747,Negative,1,37,2.702702703
1294,103.9206793,1.413641747,Neutral,22,37,59.45945946
1295,103.9206793,1.413641747,Positive,14,37,37.83783784
1296,103.9306793,1.303641747,Negative,34,452,7.522123894
1297,103.9306793,1.303641747,Neutral,232,452,51.32743363
1298,103.9306793,1.303641747,Positive,186,452,41.15044248
1299,103.9306793,1.313641747,Negative,36,535,6.728971963
1300,103.9306793,1.313641747,Neutral,363,535,67.85046729
1301,103.9306793,1.313641747,Positive,136,535,25.42056075
1302,103.9306793,1.323641747,Negative,183,1724,10.61484919
1303,103.9306793,1.323641747,Neutral,906,1724,52.55220418
1304,103.9306793,1.323641747,Positive,635,1724,36.83294664
1305,103.9306793,1.333641747,Negative,39,406,9.60591133
1306,103.9306793,1.333641747,Neutral,273,406,67.24137931
1307,103.9306793,1.333641747,Positive,94,406,23.15270936
1308,103.9306793,1.343641747,Negative,40,341,11.73020528
1309,103.9306793,1.343641747,Neutral,137,341,40.17595308
1310,103.9306793,1.343641747,Positive,164,341,48.09384164
1311,103.9306793,1.353641747,Negative,30,427,7.025761124
1312,103.9306793,1.353641747,Neutral,238,427,55.73770492
1313,103.9306793,1.353641747,Positive,159,427,37.23653396
1314,103.9306793,1.363641747,Negative,6,95,6.315789474
1315,103.9306793,1.363641747,Neutral,38,95,40
1316,103.9306793,1.363641747,Positive,51,95,53.68421053
1317,103.9306793,1.373641747,Negative,40,294,13.60544218
1318,103.9306793,1.373641747,Neutral,143,294,48.63945578
1319,103.9306793,1.373641747,Positive,111,294,37.75510204
1320,103.9306793,1.383641747,Negative,2,31,6.451612903
1321,103.9306793,1.383641747,Neutral,22,31,70.96774194
1322,103.9306793,1.383641747,Positive,7,31,22.58064516
1323,103.9306793,1.393641747,Neutral,9,11,81.81818182
1324,103.9306793,1.393641747,Positive,2,11,18.18181818
1325,103.9306793,1.403641747,Negative,1,9,11.11111111
1326,103.9306793,1.403641747,Neutral,8,9,88.88888889
1327,103.9306793,1.423641747,Neutral,1,4,25
1328,103.9306793,1.423641747,Positive,3,4,75
1329,103.9306793,1.433641747,Neutral,10,15,66.66666667
1330,103.9306793,1.433641747,Positive,5,15,33.33333333
1331,103.9406793,1.303641747,Negative,11,98,11.2244898
1332,103.9406793,1.303641747,Neutral,67,98,68.36734694
1333,103.9406793,1.303641747,Positive,20,98,20.40816327
1334,103.9406793,1.313641747,Negative,18,305,5.901639344
1335,103.9406793,1.313641747,Neutral,169,305,55.40983607
1336,103.9406793,1.313641747,Positive,118,305,38.68852459
1337,103.9406793,1.323641747,Negative,55,492,11.17886179
1338,103.9406793,1.323641747,Neutral,271,492,55.08130081
1339,103.9406793,1.323641747,Positive,166,492,33.7398374
1340,103.9406793,1.333641747,Negative,35,362,9.668508287
1341,103.9406793,1.333641747,Neutral,218,362,60.22099448
1342,103.9406793,1.333641747,Positive,109,362,30.11049724
1343,103.9406793,1.343641747,Negative,29,397,7.304785894
1344,103.9406793,1.343641747,Neutral,208,397,52.3929471
1345,103.9406793,1.343641747,Positive,160,397,40.302267
1346,103.9406793,1.353641747,Negative,143,1663,8.598917619
1347,103.9406793,1.353641747,Neutral,820,1663,49.30847865
1348,103.9406793,1.353641747,Positive,700,1663,42.09260373
1349,103.9406793,1.363641747,Negative,12,155,7.741935484
1350,103.9406793,1.363641747,Neutral,69,155,44.51612903
1351,103.9406793,1.363641747,Positive,74,155,47.74193548
1352,103.9406793,1.373641747,Negative,44,515,8.54368932
1353,103.9406793,1.373641747,Neutral,235,515,45.63106796
1354,103.9406793,1.373641747,Positive,236,515,45.82524272
1355,103.9406793,1.383641747,Negative,20,336,5.952380952
1356,103.9406793,1.383641747,Neutral,121,336,36.01190476
1357,103.9406793,1.383641747,Positive,195,336,58.03571429
1358,103.9406793,1.413641747,Neutral,1,1,100
1359,103.9506793,1.303641747,Neutral,2,2,100
1360,103.9506793,1.313641747,Negative,4,67,5.970149254
1361,103.9506793,1.313641747,Neutral,45,67,67.1641791
1362,103.9506793,1.313641747,Positive,18,67,26.86567164
1363,103.9506793,1.323641747,Negative,40,543,7.366482505
1364,103.9506793,1.323641747,Neutral,310,543,57.09023941
1365,103.9506793,1.323641747,Positive,193,543,35.54327808
1366,103.9506793,1.333641747,Negative,64,468,13.67521368
1367,103.9506793,1.333641747,Neutral,261,468,55.76923077
1368,103.9506793,1.333641747,Positive,143,468,30.55555556
1369,103.9506793,1.343641747,Negative,98,836,11.72248804
1370,103.9506793,1.343641747,Neutral,409,836,48.92344498
1371,103.9506793,1.343641747,Positive,329,836,39.35406699
1372,103.9506793,1.353641747,Negative,105,868,12.09677419
1373,103.9506793,1.353641747,Neutral,436,868,50.23041475
1374,103.9506793,1.353641747,Positive,327,868,37.67281106
1375,103.9506793,1.363641747,Negative,24,276,8.695652174
1376,103.9506793,1.363641747,Neutral,164,276,59.42028986
1377,103.9506793,1.363641747,Positive,88,276,31.88405797
1378,103.9506793,1.373641747,Negative,145,1791,8.096035734
1379,103.9506793,1.373641747,Neutral,825,1791,46.06365159
1380,103.9506793,1.373641747,Positive,821,1791,45.84031267
1381,103.9506793,1.383641747,Negative,20,272,7.352941176
1382,103.9506793,1.383641747,Neutral,137,272,50.36764706
1383,103.9506793,1.383641747,Positive,115,272,42.27941176
1384,103.9506793,1.403641747,Neutral,1,1,100
1385,103.9506793,1.413641747,Negative,1,2,50
1386,103.9506793,1.413641747,Positive,1,2,50
1387,103.9606793,1.313641747,Negative,2,53,3.773584906
1388,103.9606793,1.313641747,Neutral,32,53,60.37735849
1389,103.9606793,1.313641747,Positive,19,53,35.8490566
1390,103.9606793,1.323641747,Negative,2,52,3.846153846
1391,103.9606793,1.323641747,Neutral,34,52,65.38461538
1392,103.9606793,1.323641747,Positive,16,52,30.76923077
1393,103.9606793,1.333641747,Negative,69,1171,5.892399658
1394,103.9606793,1.333641747,Neutral,530,1171,45.26046114
1395,103.9606793,1.333641747,Positive,572,1171,48.8471392
1396,103.9606793,1.343641747,Negative,28,603,4.64344942
1397,103.9606793,1.343641747,Neutral,309,603,51.24378109
1398,103.9606793,1.343641747,Positive,266,603,44.11276949
1399,103.9606793,1.353641747,Negative,46,684,6.725146199
1400,103.9606793,1.353641747,Neutral,362,684,52.92397661
1401,103.9606793,1.353641747,Positive,276,684,40.35087719
1402,103.9606793,1.363641747,Negative,19,264,7.196969697
1403,103.9606793,1.363641747,Neutral,125,264,47.34848485
1404,103.9606793,1.363641747,Positive,120,264,45.45454545
1405,103.9606793,1.373641747,Negative,31,391,7.928388747
1406,103.9606793,1.373641747,Neutral,235,391,60.10230179
1407,103.9606793,1.373641747,Positive,125,391,31.96930946
1408,103.9606793,1.383641747,Negative,7,82,8.536585366
1409,103.9606793,1.383641747,Neutral,43,82,52.43902439
1410,103.9606793,1.383641747,Positive,32,82,39.02439024
1411,103.9606793,1.393641747,Neutral,2,4,50
1412,103.9606793,1.393641747,Positive,2,4,50
1413,103.9606793,1.403641747,Neutral,19,25,76
1414,103.9606793,1.403641747,Positive,6,25,24
1415,103.9706793,1.313641747,Neutral,33,56,58.92857143
1416,103.9706793,1.313641747,Positive,23,56,41.07142857
1417,103.9706793,1.323641747,Neutral,10,22,45.45454545
1418,103.9706793,1.323641747,Positive,12,22,54.54545455
1419,103.9706793,1.333641747,Negative,7,40,17.5
1420,103.9706793,1.333641747,Neutral,18,40,45
1421,103.9706793,1.333641747,Positive,15,40,37.5
1422,103.9706793,1.343641747,Negative,1,22,4.545454545
1423,103.9706793,1.343641747,Neutral,15,22,68.18181818
1424,103.9706793,1.343641747,Positive,6,22,27.27272727
1425,103.9706793,1.353641747,Negative,12,70,17.14285714
1426,103.9706793,1.353641747,Neutral,36,70,51.42857143
1427,103.9706793,1.353641747,Positive,22,70,31.42857143
1428,103.9706793,1.383641747,Neutral,8,13,61.53846154
1429,103.9706793,1.383641747,Positive,5,13,38.46153846
1430,103.9706793,1.393641747,Negative,1,41,2.43902439
1431,103.9706793,1.393641747,Neutral,17,41,41.46341463
1432,103.9706793,1.393641747,Positive,23,41,56.09756098
1433,103.9706793,1.403641747,Negative,23,236,9.745762712
1434,103.9706793,1.403641747,Neutral,105,236,44.49152542
1435,103.9706793,1.403641747,Positive,108,236,45.76271186
1436,103.9706793,1.413641747,Negative,1,7,14.28571429
1437,103.9706793,1.413641747,Neutral,4,7,57.14285714
1438,103.9706793,1.413641747,Positive,2,7,28.57142857
1439,103.9806793,1.313641747,Negative,4,61,6.557377049
1440,103.9806793,1.313641747,Neutral,23,61,37.70491803
1441,103.9806793,1.313641747,Positive,34,61,55.73770492
1442,103.9806793,1.323641747,Neutral,5,6,83.33333333
1443,103.9806793,1.323641747,Positive,1,6,16.66666667
1444,103.9806793,1.333641747,Negative,60,540,11.11111111
1445,103.9806793,1.333641747,Neutral,289,540,53.51851852
1446,103.9806793,1.333641747,Positive,191,540,35.37037037
1447,103.9806793,1.343641747,Negative,19,243,7.818930041
1448,103.9806793,1.343641747,Neutral,146,243,60.08230453
1449,103.9806793,1.343641747,Positive,78,243,32.09876543
1450,103.9806793,1.353641747,Negative,22,221,9.954751131
1451,103.9806793,1.353641747,Neutral,133,221,60.18099548
1452,103.9806793,1.353641747,Positive,66,221,29.86425339
1453,103.9806793,1.373641747,Neutral,7,12,58.33333333
1454,103.9806793,1.373641747,Positive,5,12,41.66666667
1455,103.9806793,1.383641747,Negative,4,34,11.76470588
1456,103.9806793,1.383641747,Neutral,14,34,41.17647059
1457,103.9806793,1.383641747,Positive,16,34,47.05882353
1458,103.9806793,1.393641747,Negative,18,172,10.46511628
1459,103.9806793,1.393641747,Neutral,74,172,43.02325581
1460,103.9806793,1.393641747,Positive,80,172,46.51162791
1461,103.9806793,1.413641747,Neutral,5,6,83.33333333
1462,103.9806793,1.413641747,Positive,1,6,16.66666667
1463,103.9906793,1.303641747,Neutral,1,2,50
1464,103.9906793,1.303641747,Positive,1,2,50
1465,103.9906793,1.313641747,Negative,3,39,7.692307692
1466,103.9906793,1.313641747,Neutral,19,39,48.71794872
1467,103.9906793,1.313641747,Positive,17,39,43.58974359
1468,103.9906793,1.333641747,Neutral,1,4,25
1469,103.9906793,1.333641747,Positive,3,4,75
1470,103.9906793,1.343641747,Negative,1,16,6.25
1471,103.9906793,1.343641747,Neutral,11,16,68.75
1472,103.9906793,1.343641747,Positive,4,16,25
1473,103.9906793,1.353641747,Negative,460,4465,10.30235162
1474,103.9906793,1.353641747,Neutral,2186,4465,48.95856663
1475,103.9906793,1.353641747,Positive,1819,4465,40.73908175
1476,103.9906793,1.363641747,Negative,431,6418,6.715487691
1477,103.9906793,1.363641747,Neutral,1647,6418,25.66220006
1478,103.9906793,1.363641747,Positive,4340,6418,67.62231225
1479,103.9906793,1.383641747,Negative,1,26,3.846153846
1480,103.9906793,1.383641747,Neutral,11,26,42.30769231
1481,103.9906793,1.383641747,Positive,14,26,53.84615385
1482,103.9906793,1.393641747,Negative,28,371,7.547169811
1483,103.9906793,1.393641747,Neutral,201,371,54.17789757
1484,103.9906793,1.393641747,Positive,142,371,38.27493261
1485,103.9906793,1.403641747,Negative,5,42,11.9047619
1486,103.9906793,1.403641747,Neutral,20,42,47.61904762
1487,103.9906793,1.403641747,Positive,17,42,40.47619048
1488,103.9906793,1.413641747,Negative,1,11,9.090909091
1489,103.9906793,1.413641747,Neutral,6,11,54.54545455
1490,103.9906793,1.413641747,Positive,4,11,36.36363636
1491,103.9906793,1.423641747,Positive,1,1,100
1492,104.0006793,1.313641747,Neutral,2,2,100
1493,104.0006793,1.323641747,Neutral,1,2,50
1494,104.0006793,1.323641747,Positive,1,2,50
1495,104.0006793,1.343641747,Negative,9,84,10.71428571
1496,104.0006793,1.343641747,Neutral,41,84,48.80952381
1497,104.0006793,1.343641747,Positive,34,84,40.47619048
1498,104.0006793,1.353641747,Negative,7,103,6.796116505
1499,104.0006793,1.353641747,Neutral,39,103,37.86407767
1500,104.0006793,1.353641747,Positive,57,103,55.33980583
1501,104.0006793,1.363641747,Negative,1,1,100
1502,104.0006793,1.383641747,Negative,28,312,8.974358974
1503,104.0006793,1.383641747,Neutral,156,312,50
1504,104.0006793,1.383641747,Positive,128,312,41.02564103
1505,104.0006793,1.393641747,Neutral,5,6,83.33333333
1506,104.0006793,1.393641747,Positive,1,6,16.66666667
1507,104.0006793,1.423641747,Neutral,1,1,100
1508,104.0106793,1.313641747,Neutral,2,6,33.33333333
1509,104.0106793,1.313641747,Positive,4,6,66.66666667
1510,104.0106793,1.373641747,Neutral,5,10,50
1511,104.0106793,1.373641747,Positive,5,10,50
1512,104.0106793,1.403641747,Neutral,1,1,100
1513,104.0206793,1.313641747,Neutral,1,3,33.33333333
1514,104.0206793,1.313641747,Positive,2,3,66.66666667
1515,104.0206793,1.323641747,Neutral,2,3,66.66666667
1516,104.0206793,1.323641747,Positive,1,3,33.33333333
1517,104.0206793,1.333641747,Negative,1,1,100
1518,104.0206793,1.363641747,Negative,10,146,6.849315068
1519,104.0206793,1.363641747,Neutral,62,146,42.46575342
1520,104.0206793,1.363641747,Positive,74,146,50.68493151
1521,104.0306793,1.323641747,Negative,1,14,7.142857143
1522,104.0306793,1.323641747,Neutral,6,14,42.85714286
1523,104.0306793,1.323641747,Positive,7,14,50
1524,104.0306793,1.403641747,Negative,15,78,19.23076923
1525,104.0306793,1.403641747,Neutral,34,78,43.58974359
1526,104.0306793,1.403641747,Positive,29,78,37.17948718
1527,104.0406793,1.353641747,Negative,3,26,11.53846154
1528,104.0406793,1.353641747,Neutral,6,26,23.07692308
1529,104.0406793,1.353641747,Positive,17,26,65.38461538
1530,104.0406793,1.403641747,Positive,1,1,100
1531,104.0506793,1.343641747,Positive,2,2,100
1532,104.0506793,1.353641747,Negative,1,2,50
1533,104.0506793,1.353641747,Positive,1,2,50
1534,104.0506793,1.403641747,Negative,2,4,50
1535,104.0506793,1.403641747,Neutral,1,4,25
1536,104.0506793,1.403641747,Positive,1,4,25
1537,104.0606793,1.443641747,Neutral,3,5,60
1538,104.0606793,1.443641747,Positive,2,5,40
1539,104.0706793,1.363641747,Positive,1,1,100
1540,104.0806793,1.403641747,Neutral,1,1,100
